archive_path,size_bytes,compressed_size_bytes,crc32
BCI Database/Instructions/EN_Checklist.pdf,72447,60950,ac328d86
BCI Database/Instructions/EN_Instructions.pdf,62931,58019,ba3ec99f
BCI Database/Instructions/FR_Checklist.pdf,871267,857166,0a035459
BCI Database/Instructions/FR_Instructions.pdf,64911,59994,6c92167e
BCI Database/OV_Scenarios/0-monitoring.xml,56960,4538,a9471437
BCI Database/OV_Scenarios/1-baseline.xml,30670,3870,e52acab4
BCI Database/OV_Scenarios/2-acquisition.xml,34735,4154,b71b63b2
BCI Database/OV_Scenarios/3-file-concatenation.xml,19492,2850,11b7948b
BCI Database/OV_Scenarios/4-frequency-band-selection.xml,34739,4423,f0b11606
BCI Database/OV_Scenarios/5-train-CSP.xml,27674,3305,d36033f8
BCI Database/OV_Scenarios/6-classifier-trainer.xml,57894,6907,cbe6277b
BCI Database/OV_Scenarios/7-online.xml,75444,7817,597aac15
BCI Database/OV_Scenarios/channelList,234,146,d3671668
BCI Database/OV_Scenarios/scripts/FrequencyBandSelection-v2.py,11546,2646,bdf37f27
BCI Database/OV_Scenarios/scripts/FrequencyBandSelection.py,7872,2036,963745dd
BCI Database/OV_Scenarios/scripts/mi-bci-graz-stimulator.lua,2483,750,a49eaaaa
BCI Database/OV_Scenarios/scripts/scenario-baseline.lua,769,305,e60a1449
BCI Database/OV_Scenarios/sham.ov,199317,41420,a2340a91
BCI Database/Perfomances.csv,23145,7633,cd6ce7ed
BCI Database/Perfomances.xlsx,66653,58352,6ccc98d6
BCI Database/Questionnaires/MentalRotation(EN).pdf,221175,181306,cc4bb639
BCI Database/Questionnaires/QuestionnairesEN.docx,91568,85814,79cab9db
BCI Database/Questionnaires/QuestionnairesFR.docx,92236,86537,c82ad044
BCI Database/Questionnaires/~$anslationQuestionnaires.docx,162,91,3caf394b
BCI Database/Questionnaires/~$estionnairesFR.docx,162,102,99aa6b36
BCI Database/Signals/DATA A/A1/A1_CE_baseline.gdf,24527154,14753915,2e9ca8fc
BCI Database/Signals/DATA A/A1/A1_OE_baseline.gdf,24527154,14656870,745f1eb4
BCI Database/Signals/DATA A/A1/A1_R1_acquisition.gdf,58984116,54084644,13941b16
BCI Database/Signals/DATA A/A1/A1_R2_acquisition.gdf,58984122,53405371,107da185
BCI Database/Signals/DATA A/A1/A1_R3_onlineT.gdf,59000512,53379865,56e462a6
BCI Database/Signals/DATA A/A1/A1_R4_onlineT.gdf,59000512,53180063,6d5567d8
BCI Database/Signals/DATA A/A1/A1_R5_onlineT.gdf,59000512,53179725,64aab33f
BCI Database/Signals/DATA A/A1/A1_R6_onlineT.gdf,59000512,53041057,ec46e6d9
BCI Database/Signals/DATA A/A1/classifier_A1.xml,995,432,c24bfb0b
BCI Database/Signals/DATA A/A1/csp-spatial-filter_A1.xml,2531,954,7522c19d
BCI Database/Signals/DATA A/A1/frequency-band-selected_A1.csv,9938,2153,769956b6
BCI Database/Signals/DATA A/A1/frequency-band-selected_A1.xml,576,104,68246f08
BCI Database/Signals/DATA A/A10/A10_CE_baseline.gdf,24527154,13955609,285965e0
BCI Database/Signals/DATA A/A10/A10_OE_baseline.gdf,24527154,13822191,4d75569b
BCI Database/Signals/DATA A/A10/A10_R1_acquisition.gdf,59000512,33599173,42d8f434
BCI Database/Signals/DATA A/A10/A10_R2_acquisition.gdf,59000512,33500414,c01aa51e
BCI Database/Signals/DATA A/A10/A10_R3_onlineT.gdf,59000512,53259332,56b22133
BCI Database/Signals/DATA A/A10/A10_R4_onlineT.gdf,59000512,53837212,9d3a173e
BCI Database/Signals/DATA A/A10/A10_R5_onlineT.gdf,59000512,54076187,c3831fe9
BCI Database/Signals/DATA A/A10/A10_R6_onlineT.gdf,59000512,54360580,1e267504
BCI Database/Signals/DATA A/A10/classifier_A10.xml,995,427,9a53b57d
BCI Database/Signals/DATA A/A10/csp-spatial-filter_A10.xml,2530,963,8c8bbce1
BCI Database/Signals/DATA A/A10/frequency-band-selected_A10.csv,9936,2145,34d0d8aa
BCI Database/Signals/DATA A/A10/frequency-band-selected_A10.xml,576,104,f6cbdb78
BCI Database/Signals/DATA A/A11/A11_CE_baseline.gdf,24527154,14289280,6a067cda
BCI Database/Signals/DATA A/A11/A11_OE_baseline.gdf,24518962,14206467,c9499b1e
BCI Database/Signals/DATA A/A11/A11_R1_acquisition.gdf,59016896,35121020,c33e8241
BCI Database/Signals/DATA A/A11/A11_R2_acquisition.gdf,59025088,35375844,ef8eccf9
BCI Database/Signals/DATA A/A11/A11_R3_onlineT.gdf,59025088,55471449,917aa52f
BCI Database/Signals/DATA A/A11/A11_R4_onlineT.gdf,59016896,55304775,0b68b34e
BCI Database/Signals/DATA A/A11/A11_R5_onlineT.gdf,59025088,55258796,0111b293
BCI Database/Signals/DATA A/A11/A11_R6_onlineT.gdf,59016896,54861581,f5562743
BCI Database/Signals/DATA A/A11/classifier_A11.xml,997,434,63f82f4e
BCI Database/Signals/DATA A/A11/csp-spatial-filter_A11.xml,2530,950,3eab5fd6
BCI Database/Signals/DATA A/A11/frequency-band-selected_A11.csv,9966,2214,18dbf7d0
BCI Database/Signals/DATA A/A11/frequency-band-selected_A11.xml,577,104,234d3f89
BCI Database/Signals/DATA A/A12/A12_CE_baseline.gdf,24527154,14104153,00511587
BCI Database/Signals/DATA A/A12/A12_OE_baseline.gdf,24527154,14126908,06ec2969
BCI Database/Signals/DATA A/A12/A12_R1_acquisition.gdf,59000512,34501736,6f5afe39
BCI Database/Signals/DATA A/A12/A12_R2_acquisition.gdf,59000512,34478372,48ed94f0
BCI Database/Signals/DATA A/A12/A12_R3_onlineT.gdf,59401920,54882283,5224ffdd
BCI Database/Signals/DATA A/A12/A12_R4_onlineT.gdf,59000512,54187463,af7228ae
BCI Database/Signals/DATA A/A12/A12_R5_onlineT.gdf,59000512,54686380,867bf916
BCI Database/Signals/DATA A/A12/A12_R6_onlineT.gdf,59000512,54359761,89e67f06
BCI Database/Signals/DATA A/A12/classifier_A12.xml,994,421,1267b5dd
BCI Database/Signals/DATA A/A12/csp-spatial-filter_A12.xml,2533,959,06a89ef6
BCI Database/Signals/DATA A/A12/frequency-band-selected_A12.csv,9965,2205,77edefe1
BCI Database/Signals/DATA A/A12/frequency-band-selected_A12.xml,577,106,26935ee6
BCI Database/Signals/DATA A/A13/A13_CE_baseline.gdf,24527154,12754841,43f77ff1
BCI Database/Signals/DATA A/A13/A13_OE_baseline.gdf,24527154,12753425,43d1725e
BCI Database/Signals/DATA A/A13/A13_R1_acquisition.gdf,59000512,30972516,83cb6102
BCI Database/Signals/DATA A/A13/A13_R2_acquisition.gdf,59000512,30827964,2f06af28
BCI Database/Signals/DATA A/A13/A13_R3_onlineT.gdf,59000512,48779827,7f2bad18
BCI Database/Signals/DATA A/A13/A13_R4_onlineT.gdf,59000512,50112187,9e221241
BCI Database/Signals/DATA A/A13/A13_R5_onlineT.gdf,59000512,50591949,8121926e
BCI Database/Signals/DATA A/A13/A13_R6_onlineT.gdf,59000512,53954958,3af29d3a
BCI Database/Signals/DATA A/A13/classifier_A13.xml,996,433,81ec4748
BCI Database/Signals/DATA A/A13/csp-spatial-filter_A13.xml,2533,943,37fcea0e
BCI Database/Signals/DATA A/A13/frequency-band-selected_A13.csv,9955,2168,7074b343
BCI Database/Signals/DATA A/A13/frequency-band-selected_A13.xml,577,106,203bef29
BCI Database/Signals/DATA A/A14/A14_CE_baseline.gdf,24527154,14072068,2b673a0c
BCI Database/Signals/DATA A/A14/A14_OE_baseline.gdf,24527154,14209413,cc3d0cd1
BCI Database/Signals/DATA A/A14/A14_R1_acquisition.gdf,59000512,34163888,ea1dcd31
BCI Database/Signals/DATA A/A14/A14_R2_acquisition.gdf,59000512,34052163,fdf8e85e
BCI Database/Signals/DATA A/A14/A14_R3_onlineT.gdf,59000512,53954956,4a24db5e
BCI Database/Signals/DATA A/A14/A14_R4_onlineT.gdf,59000512,53882852,43449225
BCI Database/Signals/DATA A/A14/A14_R5_onlineT.gdf,59000512,53852756,5a7e7ec9
BCI Database/Signals/DATA A/A14/A14_R6_onlineT.gdf,59000512,53965265,463fd386
BCI Database/Signals/DATA A/A14/classifier_A14.xml,995,436,45d8974b
BCI Database/Signals/DATA A/A14/csp-spatial-filter_A14.xml,2534,952,194820d8
BCI Database/Signals/DATA A/A14/frequency-band-selected_A14.csv,9960,2167,03a47309
BCI Database/Signals/DATA A/A14/frequency-band-selected_A14.xml,577,102,26df2a8d
BCI Database/Signals/DATA A/A15/A15_CE_baseline.gdf,24527154,14638575,4f2e6585
BCI Database/Signals/DATA A/A15/A15_OE_baseline.gdf,24527154,14704917,2587d4d9
BCI Database/Signals/DATA A/A15/A15_R1_acquisition.gdf,59000512,34798715,e95bfb6d
BCI Database/Signals/DATA A/A15/A15_R2_acquisition.gdf,59000512,34452247,44d5b108
BCI Database/Signals/DATA A/A15/A15_R3_onlineT.gdf,59000512,54109700,6afbc626
BCI Database/Signals/DATA A/A15/A15_R4_onlineT.gdf,59000512,54104523,28624114
BCI Database/Signals/DATA A/A15/A15_R5_onlineT.gdf,59000512,53674102,45bef012
BCI Database/Signals/DATA A/A15/A15_R6_onlineT.gdf,59000512,53445918,9bd1724e
BCI Database/Signals/DATA A/A15/classifier_A15.xml,996,435,ad0db26a
BCI Database/Signals/DATA A/A15/csp-spatial-filter_A15.xml,2537,957,5ead25bb
BCI Database/Signals/DATA A/A15/frequency-band-selected_A15.csv,9938,2153,769956b6
BCI Database/Signals/DATA A/A15/frequency-band-selected_A15.xml,576,102,8c647c66
BCI Database/Signals/DATA A/A16/A16_CE_baseline.gdf,24133944,22541110,15d96f15
BCI Database/Signals/DATA A/A16/A16_OE_baseline.gdf,26714424,25010457,16bec877
BCI Database/Signals/DATA A/A16/A16_R1_acquisition.gdf,59000512,35220042,57a56ac4
BCI Database/Signals/DATA A/A16/A16_R2_acquisition.gdf,59000512,35205749,90493c35
BCI Database/Signals/DATA A/A16/A16_R3_onlineT.gdf,59000512,55196934,b2b45531
BCI Database/Signals/DATA A/A16/A16_R4_onlineT.gdf,59000512,55141282,7555a99d
BCI Database/Signals/DATA A/A16/A16_R5_onlineT.gdf,59000512,55179474,9020b3cb
BCI Database/Signals/DATA A/A16/A16_R6_onlineT.gdf,59000512,55045620,bd6d4223
BCI Database/Signals/DATA A/A16/classifier_A16.xml,995,429,1f6a9b32
BCI Database/Signals/DATA A/A16/csp-spatial-filter_A16.xml,2532,957,5ca8af20
BCI Database/Signals/DATA A/A16/frequency-band-selected_A16.csv,9970,2213,8fb48d51
BCI Database/Signals/DATA A/A16/frequency-band-selected_A16.xml,577,105,29255073
BCI Database/Signals/DATA A/A16/Note.txt,243,168,c5d61fdc
BCI Database/Signals/DATA A/A17/A17_CE_baseline.gdf,24527154,21640800,1960cb55
BCI Database/Signals/DATA A/A17/A17_OE_baseline.gdf,24527154,21453062,80081d51
BCI Database/Signals/DATA A/A17/A17_R1_acquisition.gdf,59000512,52401533,9fb8e27e
BCI Database/Signals/DATA A/A17/A17_R2_acquisition.gdf,59000512,52212259,f575901f
BCI Database/Signals/DATA A/A17/A17_R3_onlineT.gdf,59000512,52263638,69e1bbfb
BCI Database/Signals/DATA A/A17/A17_R4_onlineT.gdf,59000512,52398309,b11c5085
BCI Database/Signals/DATA A/A17/A17_R5_onlineT.gdf,59000512,51664904,9aa97eef
BCI Database/Signals/DATA A/A17/A17_R6_onlineT.gdf,59000512,52252366,7cb5d7fc
BCI Database/Signals/DATA A/A17/classifier_A17.xml,997,430,08bf9617
BCI Database/Signals/DATA A/A17/csp-spatial-filter_A17.xml,2541,963,c5ca4792
BCI Database/Signals/DATA A/A17/frequency-band-selected_A17.csv,9993,2215,deb15cc2
BCI Database/Signals/DATA A/A17/frequency-band-selected_A17.xml,577,104,48e2e761
BCI Database/Signals/DATA A/A17/Note.DS_Store,6148,159,6d88006a
BCI Database/Signals/DATA A/A17/Thumbs.db,14848,12059,e12670e3
BCI Database/Signals/DATA A/A18/A18_CE_baseline.gdf,24527154,14146618,6d201a18
BCI Database/Signals/DATA A/A18/A18_OE_baseline.gdf,24527154,13946144,8f5d55b0
BCI Database/Signals/DATA A/A18/A18_R1_acquisition.gdf,59000512,34159164,59041fab
BCI Database/Signals/DATA A/A18/A18_R2_acquisition.gdf,59000512,34214346,265ddf69
BCI Database/Signals/DATA A/A18/A18_R3_onlineT.gdf,59000512,54516401,fd449ce2
BCI Database/Signals/DATA A/A18/A18_R4_onlineT.gdf,59000512,54448696,ac039c16
BCI Database/Signals/DATA A/A18/A18_R5_onlineT.gdf,59000512,54567005,f18216eb
BCI Database/Signals/DATA A/A18/A18_R6_onlineT.gdf,59000512,54481532,13271377
BCI Database/Signals/DATA A/A18/classifier_A18.xml,996,434,5457e590
BCI Database/Signals/DATA A/A18/csp-spatial-filter_A18.xml,2530,943,3a1cb510
BCI Database/Signals/DATA A/A18/frequency-band-selected_A18.csv,9977,2190,f615830b
BCI Database/Signals/DATA A/A18/frequency-band-selected_A18.xml,577,102,4f2446be
BCI Database/Signals/DATA A/A19/A19_CE_baseline.gdf,24527154,14758497,9c4e3a38
BCI Database/Signals/DATA A/A19/A19_OE_baseline.gdf,24527154,14520440,474a5a16
BCI Database/Signals/DATA A/A19/A19_R1_acquisition.gdf,59000512,34953930,a633cd16
BCI Database/Signals/DATA A/A19/A19_R2_acquisition.gdf,59000512,35338275,ee14a594
BCI Database/Signals/DATA A/A19/A19_R3_onlineT.gdf,59000512,54879682,f0956e90
BCI Database/Signals/DATA A/A19/A19_R4_onlineT.gdf,59000512,54977898,5f35066e
BCI Database/Signals/DATA A/A19/A19_R5_onlineT.gdf,59000512,55090473,2e27edb1
BCI Database/Signals/DATA A/A19/A19_R6_onlineT.gdf,59000512,55233146,9cbe3b18
BCI Database/Signals/DATA A/A19/classifier_A19.xml,995,433,43003377
BCI Database/Signals/DATA A/A19/csp-spatial-filter_A19.xml,2538,949,2b101ce8
BCI Database/Signals/DATA A/A19/frequency-band-selected_A19.csv,9949,2207,6d433791
BCI Database/Signals/DATA A/A19/frequency-band-selected_A19.xml,576,106,18f0aaf4
BCI Database/Signals/DATA A/A2/A2_CE_baseline.gdf,24527154,14517551,77aaf998
BCI Database/Signals/DATA A/A2/A2_OE_baseline.gdf,24527154,14469530,89354d35
BCI Database/Signals/DATA A/A2/A2_R1_acquisition.gdf,59000512,35244532,6ec5d341
BCI Database/Signals/DATA A/A2/A2_R2_acquisition.gdf,59000512,34822098,8d9ac359
BCI Database/Signals/DATA A/A2/A2_R3_onlineT.gdf,59000512,54966775,667b4dad
BCI Database/Signals/DATA A/A2/A2_R4_onlineT.gdf,59000512,54790191,9e8155f4
BCI Database/Signals/DATA A/A2/A2_R5_onlineT.gdf,59000512,54487765,1c188604
BCI Database/Signals/DATA A/A2/A2_R6_onlineT.gdf,59000512,54645573,7f0e84dc
BCI Database/Signals/DATA A/A2/classifier_A2.xml,997,425,c1375952
BCI Database/Signals/DATA A/A2/csp-spatial-filter_A2.xml,2539,949,851a6c73
BCI Database/Signals/DATA A/A2/frequency-band-selected_A2.csv,9988,2200,35cead3b
BCI Database/Signals/DATA A/A2/frequency-band-selected_A2.xml,577,102,aeb1d86d
BCI Database/Signals/DATA A/A20/A20_CE_baseline.gdf,24527154,13933563,d1d0a7cc
BCI Database/Signals/DATA A/A20/A20_OE_baseline.gdf,24527154,13812426,9051cdb4
BCI Database/Signals/DATA A/A20/A20_R1_acquisition.gdf,59000512,33443486,b2dada09
BCI Database/Signals/DATA A/A20/A20_R2_acquisition.gdf,59000512,33534871,78ca8b79
BCI Database/Signals/DATA A/A20/A20_R3_onlineT.gdf,59000512,53877787,35666478
BCI Database/Signals/DATA A/A20/A20_R4_onlineT.gdf,59000512,54128048,a86e380d
BCI Database/Signals/DATA A/A20/A20_R5_onlineT.gdf,59000512,54087602,37384393
BCI Database/Signals/DATA A/A20/A20_R6_onlineT.gdf,59000512,54333289,2010efc4
BCI Database/Signals/DATA A/A20/classifier_A20.xml,995,428,328e144e
BCI Database/Signals/DATA A/A20/csp-spatial-filter_A20.xml,2535,948,b8e43705
BCI Database/Signals/DATA A/A20/frequency-band-selected_A20.csv,9959,2173,2f1cf464
BCI Database/Signals/DATA A/A20/frequency-band-selected_A20.xml,577,102,fe1b170a
BCI Database/Signals/DATA A/A21/A21_CE_baseline.gdf,24527154,12799900,51018309
BCI Database/Signals/DATA A/A21/A21_OE_baseline.gdf,24527154,12798719,3c667d81
BCI Database/Signals/DATA A/A21/A21_R1_acquisition.gdf,59000512,30807333,1a681c3e
BCI Database/Signals/DATA A/A21/A21_R2_acquisition.gdf,59000512,30927618,8859c19d
BCI Database/Signals/DATA A/A21/A21_R3_onlineT.gdf,59000512,50890894,d8bf60d7
BCI Database/Signals/DATA A/A21/A21_R4_onlineT.gdf,59000512,48995850,7ae96438
BCI Database/Signals/DATA A/A21/A21_R5_onlineT.gdf,59000512,48801801,2ad135ea
BCI Database/Signals/DATA A/A21/A21_R6_onlineT.gdf,59000512,48168156,2d7c7cb0
BCI Database/Signals/DATA A/A21/classifier_A21.xml,996,432,664533f1
BCI Database/Signals/DATA A/A21/csp-spatial-filter_A21.xml,2532,945,5fa05952
BCI Database/Signals/DATA A/A21/frequency-band-selected_A21.csv,9983,2173,ac48e7a6
BCI Database/Signals/DATA A/A21/frequency-band-selected_A21.xml,577,104,ecf089a9
BCI Database/Signals/DATA A/A22/A22_CE_baseline.gdf,24527154,12777856,4bb908f1
BCI Database/Signals/DATA A/A22/A22_OE_baseline.gdf,24527154,12790428,fd8329de
BCI Database/Signals/DATA A/A22/A22_R1_acquisition.gdf,59000512,30472975,22f2a29f
BCI Database/Signals/DATA A/A22/A22_R2_acquisition.gdf,59000512,30647485,d2adf3b4
BCI Database/Signals/DATA A/A22/A22_R3_onlineT.gdf,58853050,49657602,086b83a3
BCI Database/Signals/DATA A/A22/A22_R4_onlineT.gdf,58156724,48748729,a7775939
BCI Database/Signals/DATA A/A22/A22_R5_onlineT.gdf,59000512,49737882,867c1bcd
BCI Database/Signals/DATA A/A22/A22_R6_onlineT.gdf,59000512,49774093,290e6088
BCI Database/Signals/DATA A/A22/classifier_A22.xml,996,431,12833677
BCI Database/Signals/DATA A/A22/csp-spatial-filter_A22.xml,2536,965,229c5588
BCI Database/Signals/DATA A/A22/frequency-band-selected_A22.csv,9961,2172,e98024c2
BCI Database/Signals/DATA A/A22/frequency-band-selected_A22.xml,577,105,90db8b4b
BCI Database/Signals/DATA A/A23/A23_CE_baseline.gdf,24527154,13218758,1c167801
BCI Database/Signals/DATA A/A23/A23_OE_baseline.gdf,24527154,13482628,37619eb5
BCI Database/Signals/DATA A/A23/A23_R1_acquisition.gdf,59000512,32006768,6a2d6276
BCI Database/Signals/DATA A/A23/A23_R2_acquisition.gdf,59000512,31855104,ebd2e55c
BCI Database/Signals/DATA A/A23/A23_R3_onlineT.gdf,59000512,52079084,c0ef8998
BCI Database/Signals/DATA A/A23/A23_R4_onlineT.gdf,59000512,52151141,57d8f49a
BCI Database/Signals/DATA A/A23/A23_R5_onlineT.gdf,59000512,51701511,e8066d1f
BCI Database/Signals/DATA A/A23/A23_R6_onlineT.gdf,59000512,52895982,d519a515
BCI Database/Signals/DATA A/A23/classifier_A23.xml,995,423,d1edb2f6
BCI Database/Signals/DATA A/A23/csp-spatial-filter_A23.xml,2534,945,9283e0f8
BCI Database/Signals/DATA A/A23/frequency-band-selected_A23.csv,9956,2200,415d63e1
BCI Database/Signals/DATA A/A23/frequency-band-selected_A23.xml,577,105,f7fb9a0f
BCI Database/Signals/DATA A/A24/A24_CE_baseline.gdf,24527154,14680806,6d5165d5
BCI Database/Signals/DATA A/A24/A24_OE_baseline.gdf,24527154,14593674,dafabade
BCI Database/Signals/DATA A/A24/A24_R1_acquisition.gdf,59000512,34877912,fc1bb0b0
BCI Database/Signals/DATA A/A24/A24_R2_acquisition.gdf,59000512,35124003,f081d36b
BCI Database/Signals/DATA A/A24/A24_R3_onlineT.gdf,59000512,54734919,95e6195f
BCI Database/Signals/DATA A/A24/A24_R4_onlineT.gdf,59000512,54744161,227e8b7e
BCI Database/Signals/DATA A/A24/A24_R5_onlineT.gdf,59000512,54115068,c169f21b
BCI Database/Signals/DATA A/A24/A24_R6_onlineT.gdf,59000512,54629935,c9d1d016
BCI Database/Signals/DATA A/A24/classifier_A24.xml,997,433,f0ea75a3
BCI Database/Signals/DATA A/A24/csp-spatial-filter_A24.xml,2525,960,6881e92f
BCI Database/Signals/DATA A/A24/frequency-band-selected_A24.csv,9903,1988,ab5d1c27
BCI Database/Signals/DATA A/A24/frequency-band-selected_A24.xml,576,103,cf8a16c6
BCI Database/Signals/DATA A/A25/A25_CE_baseline.gdf,24527154,12634817,8c6b7c46
BCI Database/Signals/DATA A/A25/A25_OE_baseline.gdf,24527154,12687899,30d10ef8
BCI Database/Signals/DATA A/A25/A25_R1_acquisition.gdf,59000512,30362816,ad44913c
BCI Database/Signals/DATA A/A25/A25_R2_acquisition.gdf,58812090,30090462,a1f048cc
BCI Database/Signals/DATA A/A25/A25_R3_onlineT.gdf,59000512,48536903,09d8f3e3
BCI Database/Signals/DATA A/A25/A25_R4_onlineT.gdf,59000512,47863959,c29eac41
BCI Database/Signals/DATA A/A25/A25_R5_onlineT.gdf,59000512,49192302,2a04d18c
BCI Database/Signals/DATA A/A25/A25_R6_onlineT.gdf,59000512,47902969,321b8f46
BCI Database/Signals/DATA A/A25/classifier_A25.xml,995,435,dd01ed6a
BCI Database/Signals/DATA A/A25/csp-spatial-filter_A25.xml,2530,954,de0660c7
BCI Database/Signals/DATA A/A25/frequency-band-selected_A25.csv,9938,2135,509829a8
BCI Database/Signals/DATA A/A25/frequency-band-selected_A25.xml,576,104,24ce4d09
BCI Database/Signals/DATA A/A26/A26_CE_baseline.gdf,24527154,13577286,db91caf1
BCI Database/Signals/DATA A/A26/A26_OE_baseline.gdf,24527154,13497579,7aecb9fd
BCI Database/Signals/DATA A/A26/A26_R1_acquisition.gdf,59000512,32196335,9e7aeff8
BCI Database/Signals/DATA A/A26/A26_R2_acquisition.gdf,59000512,32245013,22d6e494
BCI Database/Signals/DATA A/A26/A26_R3_onlineT.gdf,59000512,52699107,29e4cbf3
BCI Database/Signals/DATA A/A26/A26_R4_onlineT.gdf,59000512,52222214,f5c2ecd2
BCI Database/Signals/DATA A/A26/A26_R5_onlineT.gdf,59000512,52959172,4834dcaf
BCI Database/Signals/DATA A/A26/A26_R6_onlineT.gdf,59000512,53259660,72686ff9
BCI Database/Signals/DATA A/A26/classifier_A26.xml,995,433,f5b77ba3
BCI Database/Signals/DATA A/A26/csp-spatial-filter_A26.xml,2534,926,09c7d6ca
BCI Database/Signals/DATA A/A26/frequency-band-selected_A26.csv,9962,2156,ec88a4f8
BCI Database/Signals/DATA A/A26/frequency-band-selected_A26.xml,577,103,df571700
BCI Database/Signals/DATA A/A27/A27_CE_baseline.gdf,24527154,12604718,066d12a4
BCI Database/Signals/DATA A/A27/A27_OE_baseline.gdf,24527154,12476662,458efb1a
BCI Database/Signals/DATA A/A27/A27_R1_acquisition.gdf,58869434,29961642,7105d6ba
BCI Database/Signals/DATA A/A27/A27_R2_acquisition.gdf,59000512,29976762,0b92c06d
BCI Database/Signals/DATA A/A27/A27_R3_onlineT.gdf,58902202,47669556,7feaa692
BCI Database/Signals/DATA A/A27/A27_R4_onlineT.gdf,59000512,48611761,a16e5eb2
BCI Database/Signals/DATA A/A27/A27_R5_onlineT.gdf,58681018,47744992,28818d52
BCI Database/Signals/DATA A/A27/A27_R6_onlineT.gdf,59000512,47395155,4f39f491
BCI Database/Signals/DATA A/A27/classifier_A27.xml,995,426,81f932fa
BCI Database/Signals/DATA A/A27/csp-spatial-filter_A27.xml,2537,945,8f1f2a3f
BCI Database/Signals/DATA A/A27/frequency-band-selected_A27.csv,9983,2240,47b0ed82
BCI Database/Signals/DATA A/A27/frequency-band-selected_A27.xml,577,103,69aee76b
BCI Database/Signals/DATA A/A28/A28_CE_baseline.gdf,24527154,12624370,7f2d8328
BCI Database/Signals/DATA A/A28/A28_OE_baseline.gdf,24527154,12770587,a3b78ca8
BCI Database/Signals/DATA A/A28/A28_R1_acquisition.gdf,59000512,30299361,d0ea7bb5
BCI Database/Signals/DATA A/A28/A28_R2_acquisition.gdf,59000512,30135715,0bc4505c
BCI Database/Signals/DATA A/A28/A28_R3_onlineT.gdf,59000512,48268181,d13d19ab
BCI Database/Signals/DATA A/A28/A28_R4_onlineT.gdf,59000512,48803779,f6eb4972
BCI Database/Signals/DATA A/A28/A28_R5_onlineT.gdf,59000512,49554415,113e38d8
BCI Database/Signals/DATA A/A28/A28_R6_onlineT.gdf,59000512,49839143,c3eecefb
BCI Database/Signals/DATA A/A28/classifier_A28.xml,995,433,ba5872a4
BCI Database/Signals/DATA A/A28/csp-spatial-filter_A28.xml,2542,960,f0bd2939
BCI Database/Signals/DATA A/A28/frequency-band-selected_A28.csv,9974,2184,c2ef5927
BCI Database/Signals/DATA A/A28/frequency-band-selected_A28.xml,577,102,5feb6274
BCI Database/Signals/DATA A/A29/A29_CE_baseline.gdf,24527154,14364901,533d3177
BCI Database/Signals/DATA A/A29/A29_OE_baseline.gdf,24527154,14415867,8a6b80cf
BCI Database/Signals/DATA A/A29/A29_R1_acquisition.gdf,59000512,34842213,38166b5c
BCI Database/Signals/DATA A/A29/A29_R2_acquisition.gdf,59000512,34918125,a6168060
BCI Database/Signals/DATA A/A29/A29_R3_onlineT.gdf,59000512,54181659,16f01f65
BCI Database/Signals/DATA A/A29/A29_R4_onlineT.gdf,59000512,55081025,35a6af91
BCI Database/Signals/DATA A/A29/A29_R5_onlineT.gdf,58869434,54392711,bd5d0c35
BCI Database/Signals/DATA A/A29/A29_R6_onlineT.gdf,59000512,55052156,0f283808
BCI Database/Signals/DATA A/A29/classifier_A29.xml,997,432,17a25fc5
BCI Database/Signals/DATA A/A29/csp-spatial-filter_A29.xml,2533,949,6023fd4b
BCI Database/Signals/DATA A/A29/frequency-band-selected_A29.csv,9987,2177,93362c70
BCI Database/Signals/DATA A/A29/frequency-band-selected_A29.xml,575,102,a2855559
BCI Database/Signals/DATA A/A3/A3_CE_baseline.gdf,24527154,13749364,f46201d5
BCI Database/Signals/DATA A/A3/A3_OE_baseline.gdf,24527154,13510236,dfd836b5
BCI Database/Signals/DATA A/A3/A3_R1_acquisition.gdf,59000512,32582839,47a60e17
BCI Database/Signals/DATA A/A3/A3_R2_acquisition.gdf,59000512,32467440,7a14a6e8
BCI Database/Signals/DATA A/A3/A3_R3_onlineT.gdf,59000512,52741675,c6c430fe
BCI Database/Signals/DATA A/A3/A3_R4_onlineT.gdf,59000512,52557557,f4761ce5
BCI Database/Signals/DATA A/A3/A3_R5_onlineT.gdf,59000512,52357740,a7601daf
BCI Database/Signals/DATA A/A3/A3_R6_onlineT.gdf,59000512,52341666,6779dff0
BCI Database/Signals/DATA A/A3/classifier_A3.xml,995,430,6783eb87
BCI Database/Signals/DATA A/A3/csp-spatial-filter_A3.xml,2530,946,086ffa24
BCI Database/Signals/DATA A/A3/frequency-band-selected_A3.csv,9953,2112,573f598c
BCI Database/Signals/DATA A/A3/frequency-band-selected_A3.xml,577,104,f2716ec1
BCI Database/Signals/DATA A/A30/A30_CE_baseline.gdf,23888160,12759666,275611f2
BCI Database/Signals/DATA A/A30/A30_OE_baseline.gdf,24142112,13149432,51cdd8a2
BCI Database/Signals/DATA A/A30/A30_R1_acquisition.gdf,59000512,31756357,f65e7209
BCI Database/Signals/DATA A/A30/A30_R2_acquisition.gdf,59000512,31979089,15362cf4
BCI Database/Signals/DATA A/A30/A30_R3_onlineT.gdf,59000512,49383258,3f74982c
BCI Database/Signals/DATA A/A30/A30_R4_onlineT.gdf,59000512,50472124,d661cbef
BCI Database/Signals/DATA A/A30/A30_R5_onlineT.gdf,59000512,51354462,b264b59d
BCI Database/Signals/DATA A/A30/A30_R6_onlineT.gdf,59000512,50368450,77b7b38b
BCI Database/Signals/DATA A/A30/classifier_A30.xml,996,429,19fd27ed
BCI Database/Signals/DATA A/A30/csp-spatial-filter_A30.xml,2535,958,0b953089
BCI Database/Signals/DATA A/A30/frequency-band-selected_A30.csv,9982,2210,105293c9
BCI Database/Signals/DATA A/A30/frequency-band-selected_A30.xml,577,103,78645f3b
BCI Database/Signals/DATA A/A31/A31_CE_baseline.gdf,24527154,13364149,0fe1481b
BCI Database/Signals/DATA A/A31/A31_OE_baseline.gdf,24527154,13513116,20bada5b
BCI Database/Signals/DATA A/A31/A31_R1_acquisition.gdf,59000512,31845944,775aa701
BCI Database/Signals/DATA A/A31/A31_R2_acquisition.gdf,59000512,31611250,045ae22f
BCI Database/Signals/DATA A/A31/A31_R3_onlineT.gdf,59000512,51391484,01ee047a
BCI Database/Signals/DATA A/A31/A31_R4_onlineT.gdf,59000512,50518933,b8bc1cd9
BCI Database/Signals/DATA A/A31/A31_R5_onlineT.gdf,58951354,50383458,8f2068c0
BCI Database/Signals/DATA A/A31/A31_R6_onlineT.gdf,58975930,51262939,7ff28f0f
BCI Database/Signals/DATA A/A31/classifier_A31.xml,995,429,19560a89
BCI Database/Signals/DATA A/A31/csp-spatial-filter_A31.xml,2534,943,22c84283
BCI Database/Signals/DATA A/A31/frequency-band-selected_A31.csv,9957,2175,12bb3cfd
BCI Database/Signals/DATA A/A31/frequency-band-selected_A31.xml,577,103,4eac853b
BCI Database/Signals/DATA A/A32/A32_CE_baseline.gdf,26001720,24000614,c6c2c4fc
BCI Database/Signals/DATA A/A32/A32_OE_baseline.gdf,24510776,22672759,846727c9
BCI Database/Signals/DATA A/A32/A32_R1_acquisition.gdf,58476224,33967786,c43b1b8e
BCI Database/Signals/DATA A/A32/A32_R2_acquisition.gdf,58476224,33526593,7ca7d4fb
BCI Database/Signals/DATA A/A32/A32_R3_onlineT.gdf,58476224,53287620,7f5e86d5
BCI Database/Signals/DATA A/A32/A32_R4_onlineT.gdf,59000512,52976206,b34f3012
BCI Database/Signals/DATA A/A32/A32_R5_onlineT.gdf,59000512,52501621,70f174d4
BCI Database/Signals/DATA A/A32/A32_R6_onlineT.gdf,59000512,51048857,e0be3c1f
BCI Database/Signals/DATA A/A32/classifier_A32.xml,994,431,ef5983cb
BCI Database/Signals/DATA A/A32/csp-spatial-filter_A32.xml,2536,944,66d0ed7f
BCI Database/Signals/DATA A/A32/frequency-band-selected_A32.csv,9972,2174,1fa3ee31
BCI Database/Signals/DATA A/A32/frequency-band-selected_A32.xml,577,104,f03d3bd0
BCI Database/Signals/DATA A/A33/A33_CE_baseline.gdf,24527154,12627822,6c5d39fb
BCI Database/Signals/DATA A/A33/A33_OE_baseline.gdf,24527154,12610307,67915d36
BCI Database/Signals/DATA A/A33/A33_R1_acquisition.gdf,58967738,30042501,5aaa93a1
BCI Database/Signals/DATA A/A33/A33_R2_acquisition.gdf,58705594,30125822,d63e847e
BCI Database/Signals/DATA A/A33/A33_R3_onlineT.gdf,59000512,49675731,03319198
BCI Database/Signals/DATA A/A33/A33_R4_onlineT.gdf,59000512,46880837,d7552d92
BCI Database/Signals/DATA A/A33/A33_R5_onlineT.gdf,59000512,49962269,0b11fa0e
BCI Database/Signals/DATA A/A33/A33_R6_onlineT.gdf,59000512,48712896,b68be204
BCI Database/Signals/DATA A/A33/classifier_A33.xml,995,428,79a5e60f
BCI Database/Signals/DATA A/A33/csp-spatial-filter_A33.xml,2532,955,be34dfe0
BCI Database/Signals/DATA A/A33/frequency-band-selected_A33.csv,9971,2203,814cf438
BCI Database/Signals/DATA A/A33/frequency-band-selected_A33.xml,577,104,5cca4487
BCI Database/Signals/DATA A/A34/A34_CE_baseline.gdf,24527154,13011039,30d9da93
BCI Database/Signals/DATA A/A34/A34_OE_baseline.gdf,24527154,12931198,dbef877b
BCI Database/Signals/DATA A/A34/A34_R1_acquisition.gdf,59000512,31200194,8578e05c
BCI Database/Signals/DATA A/A34/A34_R2_acquisition.gdf,59000512,31174671,56f67aa8
BCI Database/Signals/DATA A/A34/A34_R3_onlineT.gdf,59000512,51063794,ec8583ab
BCI Database/Signals/DATA A/A34/A34_R4_onlineT.gdf,59000512,50913437,fe472c57
BCI Database/Signals/DATA A/A34/A34_R5_onlineT.gdf,59000512,50662584,65f85a20
BCI Database/Signals/DATA A/A34/A34_R6_onlineT.gdf,59000512,50485953,3c00e070
BCI Database/Signals/DATA A/A34/classifier_A34.xml,997,432,9dd2e2e6
BCI Database/Signals/DATA A/A34/csp-spatial-filter_A34.xml,2533,952,267c7c69
BCI Database/Signals/DATA A/A34/frequency-band-selected_A34.csv,9967,2179,6ac92cd5
BCI Database/Signals/DATA A/A34/frequency-band-selected_A34.xml,577,103,418f357b
BCI Database/Signals/DATA A/A35/A35_CE_baseline.gdf,24527154,13787868,64e6c9c0
BCI Database/Signals/DATA A/A35/A35_OE_baseline.gdf,24527154,13798582,25b1d2cc
BCI Database/Signals/DATA A/A35/A35_R1_acquisition.gdf,59000512,33163659,970bfd70
BCI Database/Signals/DATA A/A35/A35_R2_acquisition.gdf,59000512,32760235,5e51a628
BCI Database/Signals/DATA A/A35/A35_R3_onlineT.gdf,59000512,52501367,e17be3fc
BCI Database/Signals/DATA A/A35/A35_R4_onlineT.gdf,59000512,52539002,244743ca
BCI Database/Signals/DATA A/A35/A35_R5_onlineT.gdf,59000512,52348208,9cfd5d1f
BCI Database/Signals/DATA A/A35/A35_R6_onlineT.gdf,59000512,52309716,9e3f0703
BCI Database/Signals/DATA A/A35/classifier_A35.xml,996,441,f8bf30a8
BCI Database/Signals/DATA A/A35/csp-spatial-filter_A35.xml,2524,959,c8d827ce
BCI Database/Signals/DATA A/A35/frequency-band-selected_A35.csv,9948,2186,d2318a17
BCI Database/Signals/DATA A/A35/frequency-band-selected_A35.xml,576,103,fcb0b99a
BCI Database/Signals/DATA A/A36/A36_CE_baseline.gdf,24527154,13549572,3ce86689
BCI Database/Signals/DATA A/A36/A36_OE_baseline.gdf,24527154,13380439,2ba62bd7
BCI Database/Signals/DATA A/A36/A36_R1_acquisition.gdf,59000512,32079181,2c89dc08
BCI Database/Signals/DATA A/A36/A36_R2_acquisition.gdf,59000512,32123567,92f276c1
BCI Database/Signals/DATA A/A36/A36_R3_onlineT.gdf,59000512,52349828,fe5f8fc7
BCI Database/Signals/DATA A/A36/A36_R4_onlineT.gdf,59000512,52436637,177e28dd
BCI Database/Signals/DATA A/A36/A36_R5_onlineT.gdf,59000512,52577823,fa86d1b2
BCI Database/Signals/DATA A/A36/A36_R6_onlineT.gdf,59000512,52525893,35eedc1f
BCI Database/Signals/DATA A/A36/classifier_A36.xml,995,427,e7b36738
BCI Database/Signals/DATA A/A36/csp-spatial-filter_A36.xml,2535,958,16ac39a7
BCI Database/Signals/DATA A/A36/frequency-band-selected_A36.csv,9992,2201,1cbb69b7
BCI Database/Signals/DATA A/A36/frequency-band-selected_A36.xml,577,105,79977ede
BCI Database/Signals/DATA A/A37/A37_CE_baseline.gdf,24527154,13990850,6b03faf8
BCI Database/Signals/DATA A/A37/A37_OE_baseline.gdf,24527154,13868621,d01ce625
BCI Database/Signals/DATA A/A37/A37_R1_acquisition.gdf,59000512,33282415,1c674fa3
BCI Database/Signals/DATA A/A37/A37_R2_acquisition.gdf,59000512,32995757,5cc93cbd
BCI Database/Signals/DATA A/A37/A37_R3_onlineT.gdf,59000512,52722192,aa314973
BCI Database/Signals/DATA A/A37/A37_R4_onlineT.gdf,59000512,52072013,f5ca609c
BCI Database/Signals/DATA A/A37/A37_R5_onlineT.gdf,59000512,52866875,add279d7
BCI Database/Signals/DATA A/A37/A37_R6_onlineT.gdf,59000512,52912652,67201b5a
BCI Database/Signals/DATA A/A37/classifier_A37.xml,995,431,4e36d249
BCI Database/Signals/DATA A/A37/csp-spatial-filter_A37.xml,2535,945,6b26b695
BCI Database/Signals/DATA A/A37/frequency-band-selected_A37.csv,9986,2197,056f688f
BCI Database/Signals/DATA A/A37/frequency-band-selected_A37.xml,577,105,80e9fe2c
BCI Database/Signals/DATA A/A38/A38_CE_baseline.gdf,24527154,14214054,e3d21fcb
BCI Database/Signals/DATA A/A38/A38_OE_baseline.gdf,24527154,14203541,76dc9880
BCI Database/Signals/DATA A/A38/A38_R1_acquisition.gdf,59000512,33799924,6ca3b8cb
BCI Database/Signals/DATA A/A38/A38_R2_acquisition.gdf,59000512,33486817,d545bc16
BCI Database/Signals/DATA A/A38/A38_R3_onlineT.gdf,59000512,53477075,e1347ba3
BCI Database/Signals/DATA A/A38/A38_R4_onlineT.gdf,59000512,53577384,a5d080ee
BCI Database/Signals/DATA A/A38/A38_R5_onlineT.gdf,59000512,53651046,7dc98a47
BCI Database/Signals/DATA A/A38/A38_R6_onlineT.gdf,59000512,53691321,23d9a0c5
BCI Database/Signals/DATA A/A38/classifier_A38.xml,995,429,99e68850
BCI Database/Signals/DATA A/A38/csp-spatial-filter_A38.xml,2536,953,aa1b56e7
BCI Database/Signals/DATA A/A38/frequency-band-selected_A38.csv,9959,2185,09870ac7
BCI Database/Signals/DATA A/A38/frequency-band-selected_A38.xml,577,104,b384a723
BCI Database/Signals/DATA A/A39/A39_CE_baseline.gdf,24527154,14672902,ecec29dc
BCI Database/Signals/DATA A/A39/A39_OE_baseline.gdf,24527154,14692476,7bb38e80
BCI Database/Signals/DATA A/A39/A39_R1_acquisition.gdf,59000512,35449298,6bc96162
BCI Database/Signals/DATA A/A39/A39_R2_acquisition.gdf,59000512,34582171,629e1747
BCI Database/Signals/DATA A/A39/A39_R3_onlineT.gdf,59000512,54226427,760d642a
BCI Database/Signals/DATA A/A39/A39_R4_onlineT.gdf,59000512,52697692,92380310
BCI Database/Signals/DATA A/A39/A39_R5_onlineT.gdf,59000512,52141551,ca7c54e0
BCI Database/Signals/DATA A/A39/A39_R6_onlineT.gdf,59000512,52042829,4fdaa69a
BCI Database/Signals/DATA A/A39/classifier_A39.xml,995,428,e04674bb
BCI Database/Signals/DATA A/A39/csp-spatial-filter_A39.xml,2528,956,ffe67643
BCI Database/Signals/DATA A/A39/frequency-band-selected_A39.csv,9953,2099,bbc0102b
BCI Database/Signals/DATA A/A39/frequency-band-selected_A39.xml,576,102,8c647c66
BCI Database/Signals/DATA A/A4/A4_CE_baseline.gdf,24527154,13627208,79414535
BCI Database/Signals/DATA A/A4/A4_OE_baseline.gdf,24527154,13512119,d7ec4da9
BCI Database/Signals/DATA A/A4/A4_R1_acquisition.gdf,59000512,32395780,67225b4c
BCI Database/Signals/DATA A/A4/A4_R2_acquisition.gdf,59000512,32551200,47085684
BCI Database/Signals/DATA A/A4/A4_R3_onlineT.gdf,59000512,51877948,5d0b19d1
BCI Database/Signals/DATA A/A4/A4_R4_onlineT.gdf,59000512,52633764,97200444
BCI Database/Signals/DATA A/A4/A4_R5_onlineT.gdf,59000512,52799667,9c941fde
BCI Database/Signals/DATA A/A4/A4_R6_onlineT.gdf,59000512,51971276,6d218f55
BCI Database/Signals/DATA A/A4/classifier_A4.xml,1000,437,cf8cf48e
BCI Database/Signals/DATA A/A4/csp-spatial-filter_A4.xml,2529,952,3241a818
BCI Database/Signals/DATA A/A4/frequency-band-selected_A4.csv,9953,2069,fc94db7f
BCI Database/Signals/DATA A/A4/frequency-band-selected_A4.xml,577,106,bed45b59
BCI Database/Signals/DATA A/A40/A40_CE_baseline.gdf,24527154,14455451,982ce7ab
BCI Database/Signals/DATA A/A40/A40_OE_baseline.gdf,24527154,14534752,ff83af48
BCI Database/Signals/DATA A/A40/A40_R1_acquisition.gdf,59000512,34363034,cc921cce
BCI Database/Signals/DATA A/A40/A40_R2_acquisition.gdf,59000512,34486574,959a0a88
BCI Database/Signals/DATA A/A40/A40_R3_onlineT.gdf,46376346,42438263,e9e766b4
BCI Database/Signals/DATA A/A40/A40_R4_onlineT.gdf,59000512,54056731,110c86eb
BCI Database/Signals/DATA A/A40/A40_R5_onlineT.gdf,59000512,53943657,8e107510
BCI Database/Signals/DATA A/A40/A40_R6_onlineT.gdf,59000512,54117707,03dcdd6a
BCI Database/Signals/DATA A/A40/classifier_A40.xml,995,427,78bd0ca2
BCI Database/Signals/DATA A/A40/csp-spatial-filter_A40.xml,2529,940,d8007250
BCI Database/Signals/DATA A/A40/frequency-band-selected_A40.csv,9995,2188,8fed70c2
BCI Database/Signals/DATA A/A40/frequency-band-selected_A40.xml,575,104,a28c91d1
BCI Database/Signals/DATA A/A41/A41_CE_baseline.gdf,24527154,21867193,a5a72fb2
BCI Database/Signals/DATA A/A41/A41_OE_baseline.gdf,24527154,22195350,f62e6f65
BCI Database/Signals/DATA A/A41/A41_R1_acquisition.gdf,59000512,52801680,a9617eb7
BCI Database/Signals/DATA A/A41/A41_R2_acquisition.gdf,59000512,51294570,8660ce6c
BCI Database/Signals/DATA A/A41/A41_R3_onlineT.gdf,59000512,53415210,9a9ed0fb
BCI Database/Signals/DATA A/A41/A41_R4_onlineT.gdf,59000512,53227726,a54cae15
BCI Database/Signals/DATA A/A41/A41_R5_onlineT.gdf,59000512,52715359,47c04255
BCI Database/Signals/DATA A/A41/A41_R6_onlineT.gdf,59000512,53395309,11598a73
BCI Database/Signals/DATA A/A41/classifier_A41.xml,998,435,1af46f64
BCI Database/Signals/DATA A/A41/csp-spatial-filter_A41.xml,2537,945,73bf101c
BCI Database/Signals/DATA A/A41/frequency-band-selected_A41.csv,9979,2242,e4437b40
BCI Database/Signals/DATA A/A41/frequency-band-selected_A41.xml,577,103,fc083b68
BCI Database/Signals/DATA A/A42/A42_CE_baseline.gdf,24527154,22971233,6c68d568
BCI Database/Signals/DATA A/A42/A42_OE_baseline.gdf,24527154,22934512,0a48033d
BCI Database/Signals/DATA A/A42/A42_R1_acquisition.gdf,59000512,35385951,5ab1a564
BCI Database/Signals/DATA A/A42/A42_R2_acquisition.gdf,59000512,35182365,06325c23
BCI Database/Signals/DATA A/A42/A42_R3_onlineT.gdf,59000518,55184570,ed65d14b
BCI Database/Signals/DATA A/A42/A42_R4_onlineT.gdf,59000518,55161560,f4f67a2b
BCI Database/Signals/DATA A/A42/A42_R5_onlineT.gdf,59000518,55358991,d0669e4b
BCI Database/Signals/DATA A/A42/A42_R6_onlineT.gdf,59000518,54964799,fd7f2442
BCI Database/Signals/DATA A/A42/classifier_A42.xml,995,426,89447881
BCI Database/Signals/DATA A/A42/csp-spatial-filter_A42.xml,2536,958,3def7338
BCI Database/Signals/DATA A/A42/frequency-band-selected_A42.csv,9986,2214,349617b3
BCI Database/Signals/DATA A/A42/frequency-band-selected_A42.xml,576,102,74de4b7a
BCI Database/Signals/DATA A/A43/A43_CE_baseline.gdf,24527154,12467940,8430fa6d
BCI Database/Signals/DATA A/A43/A43_OE_baseline.gdf,24527154,12550105,3d30b823
BCI Database/Signals/DATA A/A43/A43_R1_acquisition.gdf,59000512,30057833,3a660215
BCI Database/Signals/DATA A/A43/A43_R2_acquisition.gdf,58861242,29957081,f291e972
BCI Database/Signals/DATA A/A43/A43_R3_onlineT.gdf,58943168,48969111,6f363be4
BCI Database/Signals/DATA A/A43/A43_R4_onlineT.gdf,58787520,49225385,53801ec7
BCI Database/Signals/DATA A/A43/A43_R5_onlineT.gdf,59000518,49060718,f7d2de4f
BCI Database/Signals/DATA A/A43/A43_R6_onlineT.gdf,59000518,48542915,8c7fbf29
BCI Database/Signals/DATA A/A43/classifier_A43.xml,995,429,75a61cb6
BCI Database/Signals/DATA A/A43/csp-spatial-filter_A43.xml,2533,951,18986148
BCI Database/Signals/DATA A/A43/frequency-band-selected_A43.csv,9946,2063,46e32166
BCI Database/Signals/DATA A/A43/frequency-band-selected_A43.xml,577,102,3ff08342
BCI Database/Signals/DATA A/A44/A44_CE_baseline.gdf,24527154,12860833,642e2d20
BCI Database/Signals/DATA A/A44/A44_OE_baseline.gdf,24527154,12913666,75735ddf
BCI Database/Signals/DATA A/A44/A44_R1_acquisition.gdf,59000512,30752523,7ed38648
BCI Database/Signals/DATA A/A44/A44_R2_acquisition.gdf,59000512,30674236,60442e19
BCI Database/Signals/DATA A/A44/A44_R3_onlineT.gdf,59000518,50939227,24d61bd5
BCI Database/Signals/DATA A/A44/A44_R4_onlineT.gdf,59000518,51663909,329b88a3
BCI Database/Signals/DATA A/A44/A44_R5_onlineT.gdf,59000518,51509697,e79051a1
BCI Database/Signals/DATA A/A44/A44_R6_onlineT.gdf,59000518,51421705,2ff1c9a1
BCI Database/Signals/DATA A/A44/classifier_A44.xml,995,430,1acc7d4b
BCI Database/Signals/DATA A/A44/csp-spatial-filter_A44.xml,2542,938,57a6ddd6
BCI Database/Signals/DATA A/A44/frequency-band-selected_A44.csv,9972,2170,bb1acf54
BCI Database/Signals/DATA A/A44/frequency-band-selected_A44.xml,577,103,ab6455d0
BCI Database/Signals/DATA A/A45/A45_CE_baseline.gdf,24527154,14275376,45caf194
BCI Database/Signals/DATA A/A45/A45_OE_baseline.gdf,24527154,14298760,9c246881
BCI Database/Signals/DATA A/A45/A45_R1_acquisition.gdf,59000512,34586743,1f1f231e
BCI Database/Signals/DATA A/A45/A45_R2_acquisition.gdf,59000512,34557497,1ac476c0
BCI Database/Signals/DATA A/A45/A45_R3_onlineT.gdf,59000518,54496184,eb7bd6e4
BCI Database/Signals/DATA A/A45/A45_R4_onlineT.gdf,59000518,54670664,60dca962
BCI Database/Signals/DATA A/A45/A45_R5_onlineT.gdf,58828480,54550653,91d02f6c
BCI Database/Signals/DATA A/A45/A45_R6_onlineT.gdf,59000518,54644017,571ceb8d
BCI Database/Signals/DATA A/A45/classifier_A45.xml,995,430,68120958
BCI Database/Signals/DATA A/A45/csp-spatial-filter_A45.xml,2533,937,515d2567
BCI Database/Signals/DATA A/A45/frequency-band-selected_A45.csv,9961,2163,ea8dc894
BCI Database/Signals/DATA A/A45/frequency-band-selected_A45.xml,577,105,b621242c
BCI Database/Signals/DATA A/A46/A46_CE_baseline.gdf,24527154,14525450,9de22489
BCI Database/Signals/DATA A/A46/A46_OE_baseline.gdf,24527154,14616203,a4031f12
BCI Database/Signals/DATA A/A46/A46_R1_acquisition.gdf,59000512,34793271,08fd612a
BCI Database/Signals/DATA A/A46/A46_R2_acquisition.gdf,59000512,34779839,d5a4e7ee
BCI Database/Signals/DATA A/A46/A46_R3_onlineT.gdf,59000518,54603547,7358676a
BCI Database/Signals/DATA A/A46/A46_R4_onlineT.gdf,59000518,54479334,945d2a0d
BCI Database/Signals/DATA A/A46/A46_R5_onlineT.gdf,59000518,54514589,5ea868d9
BCI Database/Signals/DATA A/A46/A46_R6_onlineT.gdf,59000518,54511187,e4c0a93d
BCI Database/Signals/DATA A/A46/classifier_A46.xml,999,436,bf6878a9
BCI Database/Signals/DATA A/A46/csp-spatial-filter_A46.xml,2534,945,330da39c
BCI Database/Signals/DATA A/A46/frequency-band-selected_A46.csv,9993,2160,69b39833
BCI Database/Signals/DATA A/A46/frequency-band-selected_A46.xml,575,105,4a0c6886
BCI Database/Signals/DATA A/A47/A47_CE_baseline.gdf,24527154,13935528,8e87f289
BCI Database/Signals/DATA A/A47/A47_OE_baseline.gdf,24527154,13937313,ffb95a19
BCI Database/Signals/DATA A/A47/A47_R1_acquisition.gdf,59000512,32609122,6145296c
BCI Database/Signals/DATA A/A47/A47_R2_acquisition.gdf,59000512,32310163,bf7ee80b
BCI Database/Signals/DATA A/A47/A47_R3_onlineT.gdf,59000518,52020192,539a56e2
BCI Database/Signals/DATA A/A47/A47_R4_onlineT.gdf,59000518,52143914,1c79faef
BCI Database/Signals/DATA A/A47/A47_R5_onlineT.gdf,59000518,52426521,0a1b0257
BCI Database/Signals/DATA A/A47/A47_R6_onlineT.gdf,59000518,52295901,1ffbca16
BCI Database/Signals/DATA A/A47/classifier_A47.xml,995,430,046a49a8
BCI Database/Signals/DATA A/A47/csp-spatial-filter_A47.xml,2531,948,58115483
BCI Database/Signals/DATA A/A47/frequency-band-selected_A47.csv,9963,2190,dd87c914
BCI Database/Signals/DATA A/A47/frequency-band-selected_A47.xml,577,102,56b12665
BCI Database/Signals/DATA A/A48/A48_CE_baseline.gdf,24527154,13094270,a923f6c3
BCI Database/Signals/DATA A/A48/A48_OE_baseline.gdf,24527154,13219337,a4b7b44b
BCI Database/Signals/DATA A/A48/A48_R1_acquisition.gdf,58435258,31108094,46f01510
BCI Database/Signals/DATA A/A48/A48_R2_acquisition.gdf,59000512,31334073,4eb64d90
BCI Database/Signals/DATA A/A48/A48_R3_onlineT.gdf,58820288,51368473,5383827b
BCI Database/Signals/DATA A/A48/A48_R4_onlineT.gdf,59000518,51556943,bf77138a
BCI Database/Signals/DATA A/A48/A48_R5_onlineT.gdf,58492608,51327107,401175c5
BCI Database/Signals/DATA A/A48/A48_R6_onlineT.gdf,58631872,51142451,32ad853f
BCI Database/Signals/DATA A/A48/classifier_A48.xml,995,431,7d6129d2
BCI Database/Signals/DATA A/A48/csp-spatial-filter_A48.xml,2531,950,d9556672
BCI Database/Signals/DATA A/A48/frequency-band-selected_A48.csv,9976,2192,3f70d79d
BCI Database/Signals/DATA A/A48/frequency-band-selected_A48.xml,577,104,dbb0902c
BCI Database/Signals/DATA A/A49/A49_CE_baseline.gdf,24527154,13676466,7bb6b5f1
BCI Database/Signals/DATA A/A49/A49_OE_baseline.gdf,24527154,13422434,d1733f81
BCI Database/Signals/DATA A/A49/A49_R1_acquisition.gdf,59000512,32571754,8d9da488
BCI Database/Signals/DATA A/A49/A49_R2_acquisition.gdf,59000512,31284037,16e17e6e
BCI Database/Signals/DATA A/A49/A49_R3_onlineT.gdf,59000518,50288530,a4610188
BCI Database/Signals/DATA A/A49/A49_R4_onlineT.gdf,59000518,50781986,edead057
BCI Database/Signals/DATA A/A49/A49_R5_onlineT.gdf,59000518,51011040,9f004510
BCI Database/Signals/DATA A/A49/A49_R6_onlineT.gdf,59000518,51179921,04ed28fc
BCI Database/Signals/DATA A/A49/classifier_A49.xml,995,429,d7645739
BCI Database/Signals/DATA A/A49/csp-spatial-filter_A49.xml,2530,949,120c2ab7
BCI Database/Signals/DATA A/A49/frequency-band-selected_A49.csv,9988,2252,d2b9878d
BCI Database/Signals/DATA A/A49/frequency-band-selected_A49.xml,577,104,cb6fda0c
BCI Database/Signals/DATA A/A5/A5_CE_baseline.gdf,24527154,13533764,6889a462
BCI Database/Signals/DATA A/A5/A5_OE_baseline.gdf,24527154,13429419,b51ebed4
BCI Database/Signals/DATA A/A5/A5_R1_acquisition.gdf,59000512,32913031,25215d65
BCI Database/Signals/DATA A/A5/A5_R2_acquisition.gdf,59000512,32797395,5e47d91c
BCI Database/Signals/DATA A/A5/A5_R3_onlineT.gdf,59000512,53041771,aabe8c2d
BCI Database/Signals/DATA A/A5/A5_R4_onlineT.gdf,59000512,52621459,44db5a4c
BCI Database/Signals/DATA A/A5/A5_R5_onlineT.gdf,59000512,53433549,3d47b4c5
BCI Database/Signals/DATA A/A5/A5_R6_onlineT.gdf,59967168,54715735,a7757bfe
BCI Database/Signals/DATA A/A5/classifier_A5.xml,995,430,155c9be6
BCI Database/Signals/DATA A/A5/csp-spatial-filter_A5.xml,2529,951,911e8665
BCI Database/Signals/DATA A/A5/frequency-band-selected_A5.csv,9972,2178,20306bba
BCI Database/Signals/DATA A/A5/frequency-band-selected_A5.xml,577,102,aeb1d86d
BCI Database/Signals/DATA A/A50/A50_CE_baseline.gdf,24527154,13073676,88ae0174
BCI Database/Signals/DATA A/A50/A50_OE_baseline.gdf,24527154,12965079,6e3979f5
BCI Database/Signals/DATA A/A50/A50_R1_acquisition.gdf,59000512,31248116,19dab961
BCI Database/Signals/DATA A/A50/A50_R2_acquisition.gdf,59000512,31087527,742cee20
BCI Database/Signals/DATA A/A50/A50_R3_onlineT.gdf,59000518,50724330,edfc5a81
BCI Database/Signals/DATA A/A50/A50_R4_onlineT.gdf,59000518,49900802,96ced3d6
BCI Database/Signals/DATA A/A50/A50_R5_onlineT.gdf,59000518,50376633,8a3581ba
BCI Database/Signals/DATA A/A50/A50_R6_onlineT.gdf,59000518,49716343,e64dbf99
BCI Database/Signals/DATA A/A50/classifier_A50.xml,995,428,617a1db2
BCI Database/Signals/DATA A/A50/csp-spatial-filter_A50.xml,2536,949,afbe8e6d
BCI Database/Signals/DATA A/A50/frequency-band-selected_A50.csv,9982,2143,15f12e43
BCI Database/Signals/DATA A/A50/frequency-band-selected_A50.xml,577,105,45a275f1
BCI Database/Signals/DATA A/A51/A51_CE_baseline.gdf,24527154,14589577,f5edcfb3
BCI Database/Signals/DATA A/A51/A51_OE_baseline.gdf,24527154,14561340,a390aeb4
BCI Database/Signals/DATA A/A51/A51_R1_acquisition.gdf,59000512,34545341,eb7f06e8
BCI Database/Signals/DATA A/A51/A51_R2_acquisition.gdf,59000512,34425661,f3112acb
BCI Database/Signals/DATA A/A51/A51_R3_onlineT.gdf,59000518,54066356,060f8698
BCI Database/Signals/DATA A/A51/A51_R4_onlineT.gdf,59000518,54017851,f97ee625
BCI Database/Signals/DATA A/A51/A51_R5_onlineT.gdf,59000518,54302824,d5464cd1
BCI Database/Signals/DATA A/A51/A51_R6_onlineT.gdf,59000518,54608412,00b3c5a2
BCI Database/Signals/DATA A/A51/classifier_A51.xml,999,434,12bf97c4
BCI Database/Signals/DATA A/A51/csp-spatial-filter_A51.xml,2537,956,25c3466e
BCI Database/Signals/DATA A/A51/frequency-band-selected_A51.csv,9955,2231,7ede3352
BCI Database/Signals/DATA A/A51/frequency-band-selected_A51.xml,577,105,3da43799
BCI Database/Signals/DATA A/A52/A52_CE_baseline.gdf,24527154,14449886,4b558c1e
BCI Database/Signals/DATA A/A52/A52_OE_baseline.gdf,24527154,14316242,ad9cbc61
BCI Database/Signals/DATA A/A52/A52_R1_acquisition.gdf,59000512,34406315,320ace77
BCI Database/Signals/DATA A/A52/A52_R2_acquisition.gdf,59000512,34207835,244e1024
BCI Database/Signals/DATA A/A52/A52_R3_onlineT.gdf,59000518,54303845,563f5506
BCI Database/Signals/DATA A/A52/A52_R4_onlineT.gdf,59000518,54104297,861f8c6f
BCI Database/Signals/DATA A/A52/A52_R5_onlineT.gdf,59000518,54637419,c74cd2c5
BCI Database/Signals/DATA A/A52/A52_R6_onlineT.gdf,59000518,54383823,47372e79
BCI Database/Signals/DATA A/A52/classifier_A52.xml,995,435,7300caab
BCI Database/Signals/DATA A/A52/csp-spatial-filter_A52.xml,2530,950,1d5dfa8a
BCI Database/Signals/DATA A/A52/frequency-band-selected_A52.csv,9967,2158,62946e2d
BCI Database/Signals/DATA A/A52/frequency-band-selected_A52.xml,576,106,861f1e84
BCI Database/Signals/DATA A/A53/A53_CE_baseline.gdf,24527154,13212977,cb805371
BCI Database/Signals/DATA A/A53/A53_OE_baseline.gdf,24527154,13035011,3db83b68
BCI Database/Signals/DATA A/A53/A53_R1_acquisition.gdf,59000512,31607040,86686ec5
BCI Database/Signals/DATA A/A53/A53_R2_acquisition.gdf,59000512,31625183,a2d8d108
BCI Database/Signals/DATA A/A53/A53_R3_onlineT.gdf,59000518,52016331,b731b925
BCI Database/Signals/DATA A/A53/A53_R4_onlineT.gdf,59000518,52165266,a4117072
BCI Database/Signals/DATA A/A53/A53_R5_onlineT.gdf,59000518,52225895,fe208a63
BCI Database/Signals/DATA A/A53/A53_R6_onlineT.gdf,59000518,52370625,dbaa8535
BCI Database/Signals/DATA A/A53/classifier_A53.xml,996,428,589f75be
BCI Database/Signals/DATA A/A53/csp-spatial-filter_A53.xml,2531,954,b9a8a3fb
BCI Database/Signals/DATA A/A53/frequency-band-selected_A53.csv,9986,2187,0ce88811
BCI Database/Signals/DATA A/A53/frequency-band-selected_A53.xml,577,101,1a5b0464
BCI Database/Signals/DATA A/A54/A54_CE_baseline.gdf,24527154,12661534,ac47a30c
BCI Database/Signals/DATA A/A54/A54_OE_baseline.gdf,24527154,12663352,38a47484
BCI Database/Signals/DATA A/A54/A54_R1_acquisition.gdf,59000512,30296117,cb71ec2a
BCI Database/Signals/DATA A/A54/A54_R2_acquisition.gdf,59000512,30219207,821f3b09
BCI Database/Signals/DATA A/A54/A54_R3_onlineT.gdf,59000518,50179412,6644cf23
BCI Database/Signals/DATA A/A54/A54_R4_onlineT.gdf,59000518,49854607,019b51e0
BCI Database/Signals/DATA A/A54/A54_R5_onlineT.gdf,59000518,50031101,a4024067
BCI Database/Signals/DATA A/A54/A54_R6_onlineT.gdf,59000518,49901963,67785ad1
BCI Database/Signals/DATA A/A54/classifier_A54.xml,995,428,7edeecf1
BCI Database/Signals/DATA A/A54/csp-spatial-filter_A54.xml,2534,961,2ea49309
BCI Database/Signals/DATA A/A54/frequency-band-selected_A54.csv,9970,2188,269c31a0
BCI Database/Signals/DATA A/A54/frequency-band-selected_A54.xml,577,104,d0ad6dfe
BCI Database/Signals/DATA A/A55/A55_CE_baseline.gdf,24527154,14576511,bb21cb10
BCI Database/Signals/DATA A/A55/A55_OE_baseline.gdf,24527154,14528303,91b08321
BCI Database/Signals/DATA A/A55/A55_R1_acquisition.gdf,59000512,34810099,1c20f84f
BCI Database/Signals/DATA A/A55/A55_R2_acquisition.gdf,59000512,34832534,96f57aa0
BCI Database/Signals/DATA A/A55/A55_R3_onlineT.gdf,59000518,54282522,18af1cd5
BCI Database/Signals/DATA A/A55/A55_R4_onlineT.gdf,59000518,54087645,7166e0da
BCI Database/Signals/DATA A/A55/A55_R5_onlineT.gdf,59000518,53813635,0a8ed82b
BCI Database/Signals/DATA A/A55/A55_R6_onlineT.gdf,59000518,53920964,4c7385cd
BCI Database/Signals/DATA A/A55/classifier_A55.xml,993,427,6fa6594a
BCI Database/Signals/DATA A/A55/csp-spatial-filter_A55.xml,2531,965,e020597b
BCI Database/Signals/DATA A/A55/frequency-band-selected_A55.csv,9960,2191,02626b83
BCI Database/Signals/DATA A/A55/frequency-band-selected_A55.xml,577,103,e78e77d1
BCI Database/Signals/DATA A/A56/A56_CE_baseline.gdf,24527154,14321029,3625bcf2
BCI Database/Signals/DATA A/A56/A56_OE_baseline.gdf,24453420,14473078,3f813f04
BCI Database/Signals/DATA A/A56/A56_R1_acquisition.gdf,59000512,34198391,5f66b947
BCI Database/Signals/DATA A/A56/A56_R2_acquisition.gdf,59000512,34206166,b9b48817
BCI Database/Signals/DATA A/A56/A56_R3_onlineT.gdf,59000518,54124915,72939570
BCI Database/Signals/DATA A/A56/A56_R4_onlineT.gdf,59000518,54387513,adbc1ff3
BCI Database/Signals/DATA A/A56/A56_R5_onlineT.gdf,59000518,54117461,8acf2f8f
BCI Database/Signals/DATA A/A56/A56_R6_onlineT.gdf,59000518,54248015,13553d80
BCI Database/Signals/DATA A/A56/classifier_A56.xml,993,427,77b0ce9e
BCI Database/Signals/DATA A/A56/csp-spatial-filter_A56.xml,2533,961,b71a39d0
BCI Database/Signals/DATA A/A56/frequency-band-selected_A56.csv,9887,1986,a03ee56d
BCI Database/Signals/DATA A/A56/frequency-band-selected_A56.xml,576,104,1298c50e
BCI Database/Signals/DATA A/A57/A57_CE_baseline.gdf,24527154,14297765,ff4ef0e7
BCI Database/Signals/DATA A/A57/A57_OE_baseline.gdf,24527154,14393058,0f64defc
BCI Database/Signals/DATA A/A57/A57_R1_acquisition.gdf,59000512,34274414,c4b77ddd
BCI Database/Signals/DATA A/A57/A57_R2_acquisition.gdf,59000512,34260014,4575d341
BCI Database/Signals/DATA A/A57/A57_R3_onlineT.gdf,59000518,54223182,00bdd9cc
BCI Database/Signals/DATA A/A57/A57_R4_onlineT.gdf,59000518,53974740,305674d4
BCI Database/Signals/DATA A/A57/A57_R5_onlineT.gdf,59000518,53697331,da4277e8
BCI Database/Signals/DATA A/A57/A57_R6_onlineT.gdf,59000518,53934229,5a813984
BCI Database/Signals/DATA A/A57/classifier_A57.xml,1000,434,f9909fc3
BCI Database/Signals/DATA A/A57/csp-spatial-filter_A57.xml,2531,956,936350a6
BCI Database/Signals/DATA A/A57/frequency-band-selected_A57.csv,9973,2176,e37b52b0
BCI Database/Signals/DATA A/A57/frequency-band-selected_A57.xml,577,103,147d28be
BCI Database/Signals/DATA A/A58/A58_CE_baseline.gdf,24527154,14624363,64b6cf7c
BCI Database/Signals/DATA A/A58/A58_OE_baseline.gdf,24527154,14790267,e0743c52
BCI Database/Signals/DATA A/A58/A58_R1_acquisition.gdf,59000512,35290686,7d2de77e
BCI Database/Signals/DATA A/A58/A58_R2_acquisition.gdf,59000512,35026225,eaeb27c4
BCI Database/Signals/DATA A/A58/A58_R3_onlineT.gdf,59000518,54907352,3f1373e9
BCI Database/Signals/DATA A/A58/A58_R4_onlineT.gdf,59000518,54986638,d16d14da
BCI Database/Signals/DATA A/A58/A58_R5_onlineT.gdf,59000518,54930420,5ebfac19
BCI Database/Signals/DATA A/A58/A58_R6_onlineT.gdf,59000518,55056915,2b016837
BCI Database/Signals/DATA A/A58/classifier_A58.xml,995,427,b4cc2328
BCI Database/Signals/DATA A/A58/csp-spatial-filter_A58.xml,2528,950,110c2a8f
BCI Database/Signals/DATA A/A58/frequency-band-selected_A58.csv,9942,2127,29d5315e
BCI Database/Signals/DATA A/A58/frequency-band-selected_A58.xml,577,104,234d3f89
BCI Database/Signals/DATA A/A59/A59=S12 pas de filtre dans serveur.txt,68,68,11474886
BCI Database/Signals/DATA A/A59/A59_CE_baseline.gdf,24527154,12756238,ba283bd2
BCI Database/Signals/DATA A/A59/A59_OE_baseline.gdf,24527154,12685595,74400cc0
BCI Database/Signals/DATA A/A59/A59_R1_acquisition.gdf,59000512,30546626,f4532793
BCI Database/Signals/DATA A/A59/A59_R2_acquisition.gdf,58836666,30470665,41b9e233
BCI Database/Signals/DATA A/A59/A59_R3_onlineT.gdf,59000518,50059509,30da8eff
BCI Database/Signals/DATA A/A59/A59_R4_onlineT.gdf,59000518,49663989,e00ea29d
BCI Database/Signals/DATA A/A6/A6_CE_baseline.gdf,24527154,13569950,b18cf5a1
BCI Database/Signals/DATA A/A6/A6_OE_baseline.gdf,24527154,13506139,8bcd601c
BCI Database/Signals/DATA A/A6/A6_R1_acquisition.gdf,59000512,32163650,8e86653f
BCI Database/Signals/DATA A/A6/A6_R2_acquisition.gdf,59000512,32482386,6e2bb400
BCI Database/Signals/DATA A/A6/A6_R3_onlineT.gdf,59000512,53100201,4d141ad1
BCI Database/Signals/DATA A/A6/A6_R4_onlineT.gdf,59000512,53826617,5f269b50
BCI Database/Signals/DATA A/A6/A6_R5_onlineT.gdf,59000512,55385764,e3892c9f
BCI Database/Signals/DATA A/A6/A6_R6_onlineT.gdf,59000512,55469532,6825d97b
BCI Database/Signals/DATA A/A6/classifier_A6.xml,997,432,66cc2a11
BCI Database/Signals/DATA A/A6/csp-spatial-filter_A6.xml,2535,961,e884337f
BCI Database/Signals/DATA A/A6/frequency-band-selected_A6.csv,9977,2273,92b69c22
BCI Database/Signals/DATA A/A6/frequency-band-selected_A6.xml,576,104,68246f08
BCI Database/Signals/DATA A/A60/A60_CE_baseline.gdf,24527154,14518180,77dd8e3c
BCI Database/Signals/DATA A/A60/A60_OE_baseline.gdf,24527154,14556149,551cfca3
BCI Database/Signals/DATA A/A60/A60_R1_acquisition.gdf,59000512,34525417,81bf8f0f
BCI Database/Signals/DATA A/A60/A60_R2_acquisition.gdf,59000512,34714720,b42551af
BCI Database/Signals/DATA A/A60/A60_R3_onlineT.gdf,59000518,54288106,cc0d7854
BCI Database/Signals/DATA A/A60/A60_R4_onlineT.gdf,59000518,54226462,f99a92a9
BCI Database/Signals/DATA A/A60/A60_R5_onlineT.gdf,59000518,53894931,d79e7039
BCI Database/Signals/DATA A/A60/A60_R6_onlineT.gdf,59000518,53568070,ebac3132
BCI Database/Signals/DATA A/A60/classifier_A60.xml,995,421,17024525
BCI Database/Signals/DATA A/A60/csp-spatial-filter_A60.xml,2532,950,3a25b42e
BCI Database/Signals/DATA A/A60/frequency-band-selected_A60.csv,9971,2149,97208ee0
BCI Database/Signals/DATA A/A60/frequency-band-selected_A60.xml,577,102,95499e4f
BCI Database/Signals/DATA A/A7/A7_CE_baseline.gdf,24527154,14041674,3fe2a58e
BCI Database/Signals/DATA A/A7/A7_OE_baseline.gdf,24527154,14039350,ea8b7770
BCI Database/Signals/DATA A/A7/A7_R1_acquisition.gdf,59000512,33271231,c6f77e32
BCI Database/Signals/DATA A/A7/A7_R2_acquisition.gdf,59000512,32829933,d75caa09
BCI Database/Signals/DATA A/A7/A7_R3_onlineT.gdf,59000512,52895762,5bb04b66
BCI Database/Signals/DATA A/A7/A7_R4_onlineT.gdf,59000512,52775866,1ff655cc
BCI Database/Signals/DATA A/A7/A7_R5_onlineT.gdf,59000512,52860753,7c7d10be
BCI Database/Signals/DATA A/A7/A7_R6_onlineT.gdf,58992320,52895578,3fe2c83c
BCI Database/Signals/DATA A/A7/classifier_A7.xml,995,431,abb70d9a
BCI Database/Signals/DATA A/A7/csp-spatial-filter_A7.xml,2532,936,f51f07cb
BCI Database/Signals/DATA A/A7/frequency-band-selected_A7.csv,9977,2199,b5dde320
BCI Database/Signals/DATA A/A7/frequency-band-selected_A7.xml,577,103,d043314b
BCI Database/Signals/DATA A/A8/A8_CE_baseline.gdf,24527154,14518153,2cc70960
BCI Database/Signals/DATA A/A8/A8_OE_baseline.gdf,24527154,14382051,b0b05710
BCI Database/Signals/DATA A/A8/A8_R1_acquisition.gdf,59000512,35102809,5fa890e4
BCI Database/Signals/DATA A/A8/A8_R2_acquisition.gdf,59000512,35190714,7232ba8b
BCI Database/Signals/DATA A/A8/A8_R3_onlineT.gdf,59000512,54983756,1beaa1c8
BCI Database/Signals/DATA A/A8/A8_R4_onlineT.gdf,59000512,54946978,c9f7162b
BCI Database/Signals/DATA A/A8/A8_R5_onlineT.gdf,59000512,55077985,cce090d5
BCI Database/Signals/DATA A/A8/A8_R6_onlineT.gdf,59000512,54923290,f9790b95
BCI Database/Signals/DATA A/A8/classifier_A8.xml,995,430,c07be0bf
BCI Database/Signals/DATA A/A8/csp-spatial-filter_A8.xml,2530,941,18c8c1f6
BCI Database/Signals/DATA A/A8/frequency-band-selected_A8.csv,9949,2151,587b35e8
BCI Database/Signals/DATA A/A8/frequency-band-selected_A8.xml,577,102,0de84865
BCI Database/Signals/DATA A/A9/A9_CE_baseline.gdf,24518962,14177901,6219e3fa
BCI Database/Signals/DATA A/A9/A9_OE_baseline.gdf,24527154,14115844,12e82d6a
BCI Database/Signals/DATA A/A9/A9_R1_acquisition.gdf,59025088,34457874,036f836b
BCI Database/Signals/DATA A/A9/A9_R2_acquisition.gdf,59025088,34569066,3d148c97
BCI Database/Signals/DATA A/A9/A9_R3_onlineT.gdf,59016896,54789398,0116a007
BCI Database/Signals/DATA A/A9/A9_R4_onlineT.gdf,59016896,54497237,c7d7438a
BCI Database/Signals/DATA A/A9/A9_R5_onlineT.gdf,59016896,54583604,2177709d
BCI Database/Signals/DATA A/A9/A9_R6_onlineT.gdf,59025088,54975455,f8c34431
BCI Database/Signals/DATA A/A9/classifier_A9.xml,996,430,f68749c8
BCI Database/Signals/DATA A/A9/csp-spatial-filter_A9.xml,2532,952,6f56fc2c
BCI Database/Signals/DATA A/A9/frequency-band-selected_A9.csv,9950,2226,3e15d418
BCI Database/Signals/DATA A/A9/frequency-band-selected_A9.xml,576,102,8c647c66
BCI Database/Signals/DATA B/B61/B61_CE_baseline.gdf,24527154,22867076,ba93951e
BCI Database/Signals/DATA B/B61/B61_OE_baseline.gdf,24527154,22898021,eda17547
BCI Database/Signals/DATA B/B61/B61_R1_acquisition.gdf,53757632,50355779,f85e0543
BCI Database/Signals/DATA B/B61/B61_R2_acquisition.gdf,53757632,49100821,2cd4fc54
BCI Database/Signals/DATA B/B61/B61_R3_onlineT.gdf,53757632,50146788,d6b65826
BCI Database/Signals/DATA B/B61/B61_R4_onlineT.gdf,53757632,50092630,a97ab068
BCI Database/Signals/DATA B/B61/B61_R5_onlineT.gdf,53757632,50143152,77f0233b
BCI Database/Signals/DATA B/B61/B61_R6_onlineT.gdf,53757632,50177663,a3589ee1
BCI Database/Signals/DATA B/B61/classifier_B61.xml,996,435,bf7cbae5
BCI Database/Signals/DATA B/B61/csp-spatial-filter_B61.xml,2535,952,2b69047b
BCI Database/Signals/DATA B/B61/frequency-band-selected_B61.xml,576,105,f30d5bdd
BCI Database/Signals/DATA B/B61/frequency-band-selected_B61.xml.csv,14287,2491,3f8bd21b
BCI Database/Signals/DATA B/B62/B62_CE_baseline.gdf,24527154,20795785,fab36a73
BCI Database/Signals/DATA B/B62/B62_OE_baseline.gdf,24527154,21089557,33b794fb
BCI Database/Signals/DATA B/B62/B62_R1_acquisition.gdf,53757632,46621951,002cc4ea
BCI Database/Signals/DATA B/B62/B62_R2_acquisition.gdf,53757632,46532443,f5aecf30
BCI Database/Signals/DATA B/B62/B62_R3_onlineT.gdf,53757632,46614113,9e4a8fad
BCI Database/Signals/DATA B/B62/B62_R4_onlineT.gdf,53757632,45299084,4d639efa
BCI Database/Signals/DATA B/B62/B62_R5_onlineT.gdf,53757632,46002318,9d8efd8d
BCI Database/Signals/DATA B/B62/B62_R6_onlineT.gdf,53757632,46597229,06d0dfee
BCI Database/Signals/DATA B/B62/classifier_B62.xml,994,435,9e33f718
BCI Database/Signals/DATA B/B62/csp-spatial-filter_B62.xml,2530,957,fc9c9eee
BCI Database/Signals/DATA B/B62/frequency-band-selected_B62.xml,576,102,2b73af4e
BCI Database/Signals/DATA B/B62/frequency-band-selected_B62.xml.csv,14308,2484,d5d56cbe
BCI Database/Signals/DATA B/B63/B63_CE_baseline.gdf,24527154,21271352,1b39f6b2
BCI Database/Signals/DATA B/B63/B63_OE_baseline.gdf,24527154,20922684,32d1578d
BCI Database/Signals/DATA B/B63/B63_R1_acquisition.gdf,53757632,46854746,4c541d0c
BCI Database/Signals/DATA B/B63/B63_R2_acquisition.gdf,53757632,46579176,c0f5092d
BCI Database/Signals/DATA B/B63/B63_R3_onlineT.gdf,53757632,46936957,1fe429a5
BCI Database/Signals/DATA B/B63/B63_R4_onlineT.gdf,53757632,47325183,43cf08e9
BCI Database/Signals/DATA B/B63/B63_R5_onlineT.gdf,53757632,47644519,5c3f95b4
BCI Database/Signals/DATA B/B63/B63_R6_onlineT.gdf,53757632,47976005,982500cd
BCI Database/Signals/DATA B/B63/classifier_B63.xml,995,429,f5a80412
BCI Database/Signals/DATA B/B63/csp-spatial-filter_B63.xml,2533,946,f0014021
BCI Database/Signals/DATA B/B63/frequency-band-selected_B63.xml,577,103,e78e77d1
BCI Database/Signals/DATA B/B63/frequency-band-selected_B63.xml.csv,14284,2441,b5a5ddff
BCI Database/Signals/DATA B/B64/B64_CE_baseline.gdf,24527154,22446779,0622cb00
BCI Database/Signals/DATA B/B64/B64_OE_baseline.gdf,24527154,22328823,433ad28c
BCI Database/Signals/DATA B/B64/B64_R1_acquisition.gdf,53757632,49487911,42f0d191
BCI Database/Signals/DATA B/B64/B64_R2_acquisition.gdf,53757632,49322670,e6b6b6c8
BCI Database/Signals/DATA B/B64/B64_R3_onlineT.gdf,53757632,49048616,0300f2d5
BCI Database/Signals/DATA B/B64/B64_R4_onlineT.gdf,53757632,49086357,a651d16c
BCI Database/Signals/DATA B/B64/B64_R5_onlineT.gdf,53757632,49081725,a49574e4
BCI Database/Signals/DATA B/B64/B64_R6_onlineT.gdf,53757632,49404262,2bad03a4
BCI Database/Signals/DATA B/B64/classifier_B64.xml,994,433,8a87db1d
BCI Database/Signals/DATA B/B64/csp-spatial-filter_B64.xml,2532,934,53b9d8b2
BCI Database/Signals/DATA B/B64/frequency-band-selected_B64.xml,577,105,7675e5ea
BCI Database/Signals/DATA B/B64/frequency-band-selected_B64.xml.csv,8994,1640,e17b04c8
BCI Database/Signals/DATA B/B65/B65_CE_baseline.gdf,24527154,22353860,21ac4223
BCI Database/Signals/DATA B/B65/B65_OE_baseline.gdf,24527154,22183699,db3f1bf2
BCI Database/Signals/DATA B/B65/B65_R1_acquisition.gdf,53757632,48608873,57ea9ce1
BCI Database/Signals/DATA B/B65/B65_R2_acquisition.gdf,53757632,48224837,55fe81f5
BCI Database/Signals/DATA B/B65/B65_R3_onlineT.gdf,53757632,48184255,cbd74b95
BCI Database/Signals/DATA B/B65/B65_R4_onlineT.gdf,53757632,48163879,f2c42a10
BCI Database/Signals/DATA B/B65/B65_R5_onlineT.gdf,53757632,48027367,ea16ae12
BCI Database/Signals/DATA B/B65/B65_R6_onlineT.gdf,53757632,48061848,cb77cd2f
BCI Database/Signals/DATA B/B65/classifier_B65.xml,995,433,11b63d19
BCI Database/Signals/DATA B/B65/csp-spatial-filter_B65.xml,2529,950,107f5176
BCI Database/Signals/DATA B/B65/frequency-band-selected_B65.xml,577,103,e78e77d1
BCI Database/Signals/DATA B/B65/frequency-band-selected_B65.xml.csv,14285,2537,1e90731a
BCI Database/Signals/DATA B/B66/B66_CE_baseline.gdf,24527154,22373048,cacafde6
BCI Database/Signals/DATA B/B66/B66_OE_baseline.gdf,24527154,22449119,4578da0a
BCI Database/Signals/DATA B/B66/B66_R1_acquisition.gdf,53757632,50045586,04abf388
BCI Database/Signals/DATA B/B66/B66_R2_acquisition.gdf,53757632,49922075,104f82f3
BCI Database/Signals/DATA B/B66/B66_R3_onlineT.gdf,66979520,62171454,59a33f58
BCI Database/Signals/DATA B/B66/B66_R4_onlineT.gdf,53757632,49708160,163a1e61
BCI Database/Signals/DATA B/B66/B66_R5_onlineT.gdf,53757632,49639606,3890a780
BCI Database/Signals/DATA B/B66/B66_R6_onlineT.gdf,53757632,49302378,35842260
BCI Database/Signals/DATA B/B66/classifier_B66.xml,994,423,dbeabfd3
BCI Database/Signals/DATA B/B66/csp-spatial-filter_B66.xml,2534,939,e34b1692
BCI Database/Signals/DATA B/B66/frequency-band-selected_B66.xml,576,106,5ec82e1b
BCI Database/Signals/DATA B/B66/frequency-band-selected_B66.xml.csv,14313,2541,51f99a92
BCI Database/Signals/DATA B/B67/B67_CE_baseline.gdf,24527154,22480251,16e693a9
BCI Database/Signals/DATA B/B67/B67_OE_baseline.gdf,24527154,22677703,367e922f
BCI Database/Signals/DATA B/B67/B67_R1_acquisition.gdf,53757632,50133157,1a3e5ac0
BCI Database/Signals/DATA B/B67/B67_R2_acquisition.gdf,53757632,50377800,e047eb40
BCI Database/Signals/DATA B/B67/B67_R3_onlineT.gdf,53757632,49971517,9f384c8f
BCI Database/Signals/DATA B/B67/B67_R4_onlineT.gdf,53757632,50103944,6b40dcb5
BCI Database/Signals/DATA B/B67/B67_R5_onlineT.gdf,53757632,50143954,15b63fb4
BCI Database/Signals/DATA B/B67/B67_R6_onlineT.gdf,53757632,50059303,d84b8a16
BCI Database/Signals/DATA B/B67/classifier_B67.xml,995,427,f7cf5b9a
BCI Database/Signals/DATA B/B67/csp-spatial-filter_B67.xml,2535,960,67da99c8
BCI Database/Signals/DATA B/B67/frequency-band-selected_B67-algoOriginal.xml,577,105,80e9fe2c
BCI Database/Signals/DATA B/B67/frequency-band-selected_B67.xml,576,106,324f0b99
BCI Database/Signals/DATA B/B67/frequency-band-selected_B67.xml.csv,9002,1656,7bfda938
BCI Database/Signals/DATA B/B68/B68_CE_baseline.gdf,24527154,22303829,909a85c9
BCI Database/Signals/DATA B/B68/B68_OE_baseline.gdf,24527154,22454026,bfb1408e
BCI Database/Signals/DATA B/B68/B68_R1_acquisition.gdf,53757632,49202867,b9b22382
BCI Database/Signals/DATA B/B68/B68_R2_acquisition.gdf,53757632,49781388,45c83c2b
BCI Database/Signals/DATA B/B68/B68_R3_onlineT.gdf,53757632,49494576,9baab944
BCI Database/Signals/DATA B/B68/B68_R4_onlineT.gdf,53757632,50028550,83bd938c
BCI Database/Signals/DATA B/B68/B68_R5_onlineT.gdf,53757632,49861200,f73dbefb
BCI Database/Signals/DATA B/B68/B68_R6_onlineT.gdf,53757632,49799512,7d549d6f
BCI Database/Signals/DATA B/B68/classifier_B68.xml,999,433,d0b460d9
BCI Database/Signals/DATA B/B68/csp-spatial-filter_B68.xml,2534,964,de17e204
BCI Database/Signals/DATA B/B68/frequency-band-selected_B68-algoOriginal.xml,577,104,1fc2fdb2
BCI Database/Signals/DATA B/B68/frequency-band-selected_B68.xml,576,102,798dd4f2
BCI Database/Signals/DATA B/B68/frequency-band-selected_B68.xml.csv,8990,1580,f0884644
BCI Database/Signals/DATA B/B69/B69_CE_baseline.gdf,24527154,22984924,a1f5f8a4
BCI Database/Signals/DATA B/B69/B69_OE_baseline.gdf,24527154,22904603,2a471221
BCI Database/Signals/DATA B/B69/B69_R1_acquisition.gdf,53757632,50276544,3682a425
BCI Database/Signals/DATA B/B69/B69_R2_acquisition.gdf,53757632,50176024,da82ad9a
BCI Database/Signals/DATA B/B69/B69_R3_onlineT.gdf,53757632,50010578,1653fedb
BCI Database/Signals/DATA B/B69/B69_R4_onlineT.gdf,53757632,49935529,fe2b885b
BCI Database/Signals/DATA B/B69/B69_R5_onlineT.gdf,53757632,49843818,7dc8d354
BCI Database/Signals/DATA B/B69/B69_R6_onlineT.gdf,53757632,50071583,1caf528a
BCI Database/Signals/DATA B/B69/classifier_B69.xml,996,430,126c00bf
BCI Database/Signals/DATA B/B69/csp-spatial-filter_B69.xml,2524,953,b0ce312c
BCI Database/Signals/DATA B/B69/frequency-band-selected_B69-algoOriginal.xml,577,105,2a408dcb
BCI Database/Signals/DATA B/B69/frequency-band-selected_B69.xml,577,105,c29f39e3
BCI Database/Signals/DATA B/B69/frequency-band-selected_B69.xml.csv,9009,1639,2a7a6ede
BCI Database/Signals/DATA B/B70/B70_CE_baseline.gdf,24527154,22204931,654c6f74
BCI Database/Signals/DATA B/B70/B70_OE_baseline.gdf,24527154,22163658,7a59dade
BCI Database/Signals/DATA B/B70/B70_R1_acquisition.gdf,53757632,48272159,68460e30
BCI Database/Signals/DATA B/B70/B70_R2_acquisition.gdf,53757632,47824866,da96bcfc
BCI Database/Signals/DATA B/B70/B70_R3_onlineT.gdf,53757632,48524803,3ebd3de6
BCI Database/Signals/DATA B/B70/B70_R4_onlineT.gdf,53757632,48770849,299ca73e
BCI Database/Signals/DATA B/B70/B70_R5_onlineT.gdf,53757632,48741310,8468ddcc
BCI Database/Signals/DATA B/B70/B70_R6_onlineT.gdf,53757632,48360033,8271ef31
BCI Database/Signals/DATA B/B70/classifier_B70.xml,997,438,e2854267
BCI Database/Signals/DATA B/B70/csp-spatial-filter_B70.xml,2533,942,39a5afa5
BCI Database/Signals/DATA B/B70/frequency-band-selected_B70.xml,577,105,6fe08531
BCI Database/Signals/DATA B/B70/frequency-band-selected_B70.xml.csv,14302,2480,9ae1b675
BCI Database/Signals/DATA B/B71/B71_CE_baseline.gdf,24527154,22448945,7ee2866f
BCI Database/Signals/DATA B/B71/B71_OE_baseline.gdf,24527154,22395786,081ae54d
BCI Database/Signals/DATA B/B71/B71_R1_acquisition.gdf,53757632,49099558,33e19819
BCI Database/Signals/DATA B/B71/B71_R2_acquisition.gdf,53757632,48383049,ae6f72d2
BCI Database/Signals/DATA B/B71/B71_R3_onlineT.gdf,53757632,48572592,958956bc
BCI Database/Signals/DATA B/B71/B71_R4_onlineT.gdf,53757632,48853338,3f3fdd60
BCI Database/Signals/DATA B/B71/B71_R5_onlineT.gdf,53757632,48273121,032fd90c
BCI Database/Signals/DATA B/B71/B71_R6_onlineT.gdf,53757632,49193940,25bf7a72
BCI Database/Signals/DATA B/B71/classifier_B71.xml,997,440,16a73522
BCI Database/Signals/DATA B/B71/csp-spatial-filter_B71.xml,2534,943,05b7d86c
BCI Database/Signals/DATA B/B71/frequency-band-selected_B71-algoOriginal.xml,577,103,cd65431d
BCI Database/Signals/DATA B/B71/frequency-band-selected_B71.xml,577,103,d9e424f7
BCI Database/Signals/DATA B/B71/frequency-band-selected_B71.xml.csv,9012,1625,5d2ee354
BCI Database/Signals/DATA B/B72/B72_CE_baseline.gdf,24527154,22660517,0f44b66d
BCI Database/Signals/DATA B/B72/B72_OE_baseline.gdf,24527154,22460585,ed187af4
BCI Database/Signals/DATA B/B72/B72_R1_acquisition.gdf,53757632,48692992,e4868754
BCI Database/Signals/DATA B/B72/B72_R2_acquisition.gdf,53757632,48590084,3553f8e8
BCI Database/Signals/DATA B/B72/B72_R3_onlineT.gdf,53757632,48197083,cc47cb52
BCI Database/Signals/DATA B/B72/B72_R4_onlineT.gdf,53757632,47017415,033877e8
BCI Database/Signals/DATA B/B72/B72_R5_onlineT.gdf,53757632,48277740,35497417
BCI Database/Signals/DATA B/B72/B72_R6_onlineT.gdf,53757632,47315739,2d01eb09
BCI Database/Signals/DATA B/B72/classifier_B72.xml,995,422,a80fb0dd
BCI Database/Signals/DATA B/B72/csp-spatial-filter_B72.xml,2530,948,c428704a
BCI Database/Signals/DATA B/B72/frequency-band-selected_B72.xml,577,102,b88a57e9
BCI Database/Signals/DATA B/B72/frequency-band-selected_B72.xml.csv,14311,2485,8e920ba9
BCI Database/Signals/DATA B/B73/B73_CE_baseline.gdf,24527154,22887973,e3c60a2d
BCI Database/Signals/DATA B/B73/B73_OE_baseline.gdf,24527154,22850944,3159a08c
BCI Database/Signals/DATA B/B73/B73_R1_acquisition.gdf,53757632,48841165,13756acd
BCI Database/Signals/DATA B/B73/B73_R2_acquisition.gdf,53757632,49591655,e9c49bf2
BCI Database/Signals/DATA B/B73/B73_R3_onlineT.gdf,53757632,49841575,ecdb23d2
BCI Database/Signals/DATA B/B73/B73_R4_onlineT.gdf,53757632,50020885,d5ea9939
BCI Database/Signals/DATA B/B73/B73_R5_onlineT.gdf,53757632,50320402,5e226e6c
BCI Database/Signals/DATA B/B73/B73_R6_onlineT.gdf,53757632,50346121,74464e93
BCI Database/Signals/DATA B/B73/classifier_B73.xml,997,439,47fdfb4f
BCI Database/Signals/DATA B/B73/csp-spatial-filter_B73.xml,2528,954,ba65fbb7
BCI Database/Signals/DATA B/B73/frequency-band-selected_B73.xml,576,102,c08e5e67
BCI Database/Signals/DATA B/B73/frequency-band-selected_B73.xml.csv,14273,2530,a8318909
BCI Database/Signals/DATA B/B74/B74_CE_baseline.gdf,24527154,22147389,076cbf81
BCI Database/Signals/DATA B/B74/B74_OE_baseline.gdf,24527154,22100787,1f2306fa
BCI Database/Signals/DATA B/B74/B74_R1_acquisition.gdf,53757632,48535471,55b9c000
BCI Database/Signals/DATA B/B74/B74_R2_acquisition.gdf,53757632,48638881,52081a0e
BCI Database/Signals/DATA B/B74/B74_R3_onlineT.gdf,53757632,48800193,04e00c8e
BCI Database/Signals/DATA B/B74/B74_R4_onlineT.gdf,53757632,48644609,1a8924ae
BCI Database/Signals/DATA B/B74/B74_R5_onlineT.gdf,53757632,48883136,dd77260a
BCI Database/Signals/DATA B/B74/B74_R6_onlineT.gdf,53757632,48872719,ecf98e31
BCI Database/Signals/DATA B/B74/classifier_B74.xml,998,436,aedfedeb
BCI Database/Signals/DATA B/B74/csp-spatial-filter_B74.xml,2536,961,8fd45ec9
BCI Database/Signals/DATA B/B74/frequency-band-selected_B74-algoOriginal.xml,576,103,7bca6d31
BCI Database/Signals/DATA B/B74/frequency-band-selected_B74.xml,576,101,540985ed
BCI Database/Signals/DATA B/B74/frequency-band-selected_B74.xml.csv,8990,1589,cd85dcd8
BCI Database/Signals/DATA B/B75/B75_CE_baseline.gdf,24527154,22226886,3a8416ed
BCI Database/Signals/DATA B/B75/B75_OE_baseline.gdf,24527154,22177024,b7164e5f
BCI Database/Signals/DATA B/B75/B75_R1_acquisition.gdf,53757632,48854443,355aa88e
BCI Database/Signals/DATA B/B75/B75_R2_acquisition.gdf,53757632,48826354,b2389048
BCI Database/Signals/DATA B/B75/B75_R3_onlineT.gdf,53757632,48615022,e2afce18
BCI Database/Signals/DATA B/B75/B75_R4_onlineT.gdf,53757632,48492127,9438b1f5
BCI Database/Signals/DATA B/B75/B75_R5_onlineT.gdf,53757632,48362662,1f55eba2
BCI Database/Signals/DATA B/B75/B75_R6_onlineT.gdf,53757632,48633169,0a549ade
BCI Database/Signals/DATA B/B75/classifier_B75.xml,995,427,01bc797b
BCI Database/Signals/DATA B/B75/csp-spatial-filter_B75.xml,2531,947,1794f4d1
BCI Database/Signals/DATA B/B75/frequency-band-selected_B75.xml,576,102,f6621f74
BCI Database/Signals/DATA B/B75/frequency-band-selected_B75.xml.csv,9005,1645,173c4aa7
BCI Database/Signals/DATA B/B76/B76_CE_baseline.gdf,24527154,22819808,39b5d794
BCI Database/Signals/DATA B/B76/B76_OE_baseline.gdf,24527154,22843981,9e9defc6
BCI Database/Signals/DATA B/B76/B76_R1_acquisition.gdf,53757632,49899963,ded11049
BCI Database/Signals/DATA B/B76/B76_R2_acquisition.gdf,53757632,50000099,faf2631c
BCI Database/Signals/DATA B/B76/B76_R3_onlineT.gdf,53757632,50230622,9cc84aae
BCI Database/Signals/DATA B/B76/B76_R4_onlineT.gdf,53757632,50291623,8e17f08f
BCI Database/Signals/DATA B/B76/B76_R5_onlineT.gdf,53757632,50483834,f5cc3e76
BCI Database/Signals/DATA B/B76/B76_R6_onlineT.gdf,53757632,50823793,c0363f15
BCI Database/Signals/DATA B/B76/classifier_B76.xml,997,435,5a5fd066
BCI Database/Signals/DATA B/B76/csp-spatial-filter_B76.xml,2533,952,d8eac6db
BCI Database/Signals/DATA B/B76/frequency-band-selected_B76.xml,576,102,0ed82868
BCI Database/Signals/DATA B/B76/frequency-band-selected_B76.xml.csv,14255,2488,20904da8
BCI Database/Signals/DATA B/B77/B77_CE_baseline.gdf,24527154,22448545,3e787881
BCI Database/Signals/DATA B/B77/B77_OE_baseline.gdf,24527154,22593051,a782330d
BCI Database/Signals/DATA B/B77/B77_R1_acquisition.gdf,53757632,50024048,76708057
BCI Database/Signals/DATA B/B77/B77_R2_acquisition.gdf,53757632,50055727,588a4ca9
BCI Database/Signals/DATA B/B77/B77_R3_onlineT.gdf,53757632,50686410,6ba96ea0
BCI Database/Signals/DATA B/B77/B77_R4_onlineT.gdf,53757632,50413817,b59cf48c
BCI Database/Signals/DATA B/B77/B77_R5_onlineT.gdf,53757632,50353158,92f0b3f6
BCI Database/Signals/DATA B/B77/B77_R6_onlineT.gdf,53757632,50302554,48fae78a
BCI Database/Signals/DATA B/B77/classifier_B77.xml,995,426,e50e96d5
BCI Database/Signals/DATA B/B77/csp-spatial-filter_B77.xml,2533,949,bfe9652e
BCI Database/Signals/DATA B/B77/frequency-band-selected_B77.xml,576,104,5e72e70f
BCI Database/Signals/DATA B/B77/frequency-band-selected_B77.xml.csv,14312,2457,cdaaaee5
BCI Database/Signals/DATA B/B78/B78_CE_baseline.gdf,24527154,22308109,2c613625
BCI Database/Signals/DATA B/B78/B78_OE_baseline.gdf,24527154,22289924,405c33e9
BCI Database/Signals/DATA B/B78/B78_R1_acquisition.gdf,53757632,49086259,5a319bab
BCI Database/Signals/DATA B/B78/B78_R2_acquisition.gdf,53757632,49321281,003a8b71
BCI Database/Signals/DATA B/B78/B78_R3_onlineT.gdf,53757632,49785405,6f157f7f
BCI Database/Signals/DATA B/B78/B78_R4_onlineT.gdf,53757632,49671355,8940dd79
BCI Database/Signals/DATA B/B78/B78_R5_onlineT.gdf,53757632,49347000,87d1f12e
BCI Database/Signals/DATA B/B78/B78_R6_onlineT.gdf,53757632,49209654,98d25119
BCI Database/Signals/DATA B/B78/classifier_B78.xml,994,434,707d48e2
BCI Database/Signals/DATA B/B78/csp-spatial-filter_B78.xml,2537,950,d96ad459
BCI Database/Signals/DATA B/B78/frequency-band-selected_B78.xml,576,104,04a02978
BCI Database/Signals/DATA B/B78/frequency-band-selected_B78.xml.csv,14293,2480,d1a059dc
BCI Database/Signals/DATA B/B79/B79_CE_baseline.gdf,24527154,22454421,13438d24
BCI Database/Signals/DATA B/B79/B79_OE_baseline.gdf,24527154,22129208,3a93df06
BCI Database/Signals/DATA B/B79/B79_R1_acquisition.gdf,53757632,49020979,64e77155
BCI Database/Signals/DATA B/B79/B79_R2_acquisition.gdf,53757632,48707054,43a28111
BCI Database/Signals/DATA B/B79/B79_R3_onlineT.gdf,53757632,48638464,2aadc1d4
BCI Database/Signals/DATA B/B79/B79_R4_onlineT.gdf,53757632,48600321,0233c1d3
BCI Database/Signals/DATA B/B79/B79_R5_onlineT.gdf,53757632,47928295,ae60e0f2
BCI Database/Signals/DATA B/B79/B79_R6_onlineT.gdf,53757632,48325790,7e8c8000
BCI Database/Signals/DATA B/B79/classifier_B79.xml,996,435,123b23aa
BCI Database/Signals/DATA B/B79/csp-spatial-filter_B79.xml,2527,957,6aa325b7
BCI Database/Signals/DATA B/B79/frequency-band-selected_B79.xml,576,106,7ea52998
BCI Database/Signals/DATA B/B79/frequency-band-selected_B79.xml.csv,14236,2478,901e695f
BCI Database/Signals/DATA B/B80/B80_CE_baseline.gdf,24527154,22536486,bcb17481
BCI Database/Signals/DATA B/B80/B80_OE_baseline.gdf,24527154,22110944,03948f7f
BCI Database/Signals/DATA B/B80/B80_R1_acquisition.gdf,53757632,49867484,25d0a2c9
BCI Database/Signals/DATA B/B80/B80_R2_acquisition.gdf,53757632,49417100,3150bf14
BCI Database/Signals/DATA B/B80/B80_R3_onlineT.gdf,53757632,49946769,b34f2e99
BCI Database/Signals/DATA B/B80/B80_R4_onlineT.gdf,53757632,50091026,46df65fd
BCI Database/Signals/DATA B/B80/B80_R5_onlineT.gdf,53757632,50170917,6b2fb449
BCI Database/Signals/DATA B/B80/B80_R6_onlineT.gdf,53757632,50222843,9bafaf1c
BCI Database/Signals/DATA B/B80/classifier_B80.xml,995,429,f4b10000
BCI Database/Signals/DATA B/B80/csp-spatial-filter_B80.xml,2533,948,8a59e7a1
BCI Database/Signals/DATA B/B80/frequency-band-selected_B80-algoOriginal.xml,577,103,93faadb8
BCI Database/Signals/DATA B/B80/frequency-band-selected_B80.xml,576,103,1aa41e2f
BCI Database/Signals/DATA B/B80/frequency-band-selected_B80.xml.csv,9012,1699,969e10df
BCI Database/Signals/DATA B/B81/B81_CE_baseline.gdf,24527154,22691467,a0b8e35d
BCI Database/Signals/DATA B/B81/B81_OE_baseline.gdf,24527154,22642173,93299e4e
BCI Database/Signals/DATA B/B81/B81_R1_acquisition.gdf,53757632,49703625,2547a60d
BCI Database/Signals/DATA B/B81/B81_R2_acquisition.gdf,53757632,49073299,03b3551b
BCI Database/Signals/DATA B/B81/B81_R3_onlineT.gdf,53757632,49530465,cc9b3609
BCI Database/Signals/DATA B/B81/B81_R4_onlineT.gdf,53757632,49585747,88501c2a
BCI Database/Signals/DATA B/B81/B81_R5_onlineT.gdf,53757632,49451005,980a953b
BCI Database/Signals/DATA B/B81/B81_R6_onlineT.gdf,53757632,49112122,2e6cdd72
BCI Database/Signals/DATA B/B81/classifier_B81.xml,995,427,c4829ea4
BCI Database/Signals/DATA B/B81/csp-spatial-filter_B81.xml,2535,938,f79eb057
BCI Database/Signals/DATA B/B81/frequency-band-selected_B81.xml,577,104,10206686
BCI Database/Signals/DATA B/B81/frequency-band-selected_B81.xml.csv,14318,2517,77d0884a
BCI Database/Signals/DATA C/C82/C82_CE_baseline.gdf,24527154,22823895,9329751c
BCI Database/Signals/DATA C/C82/C82_OE_baseline.gdf,24527154,22908318,a7a09860
BCI Database/Signals/DATA C/C82/C82_R1_acquisition.gdf,53757632,49955428,ee3da254
BCI Database/Signals/DATA C/C82/C82_R2_acquisition.gdf,53757632,49819978,86cd0097
BCI Database/Signals/DATA C/C82/C82_R3_onlineT.gdf,53757632,49426550,214f3db4
BCI Database/Signals/DATA C/C82/C82_R4_onlineT.gdf,53757632,49465883,c8c95044
BCI Database/Signals/DATA C/C82/C82_R5_onlineT.gdf,53757632,49337032,5ed8ab4e
BCI Database/Signals/DATA C/C82/C82_R6_onlineT.gdf,53757632,49533013,5970d9b7
BCI Database/Signals/DATA C/C82/classifier-C82.xml,995,431,ea167cbb
BCI Database/Signals/DATA C/C82/csp-spatial-filter-C82.xml,2530,953,212a5843
BCI Database/Signals/DATA C/C82/frequency-band-selected-C82.xml,576,106,324f0b99
BCI Database/Signals/DATA C/C82/frequency-band-selected-C82.xml.csv,9019,1658,cdce9714
BCI Database/Signals/DATA C/C83/C83_CE_baseline.gdf,24584498,14487896,7eec8da1
BCI Database/Signals/DATA C/C83/C83_OE_baseline.gdf,24576306,14536230,f9c05fc6
BCI Database/Signals/DATA C/C83/C83_R1_acquisition.gdf,59156160,34599371,fbce554a
BCI Database/Signals/DATA C/C83/C83_R2_acquisition.gdf,59156160,33984686,74bb410c
BCI Database/Signals/DATA C/C83/C83_R3_onlineT.gdf,59156166,53527611,c5e96f41
BCI Database/Signals/DATA C/C83/C83_R4_onlineT.gdf,59156166,53669079,da837d08
BCI Database/Signals/DATA C/C83/C83_R5_onlineT.gdf,59156166,53263954,58b9981b
BCI Database/Signals/DATA C/C83/C83_R6_onlineT.gdf,59156166,53305799,c4dda8c6
BCI Database/Signals/DATA C/C84/C84_CE_baseline.gdf,24527154,22676229,a382620c
BCI Database/Signals/DATA C/C84/C84_OE_baseline.gdf,24527154,22689230,cb72ed49
BCI Database/Signals/DATA C/C84/C84_R1_acquisition.gdf,53757632,49525084,d375e467
BCI Database/Signals/DATA C/C84/C84_R2_acquisition.gdf,53757632,49473099,42d44776
BCI Database/Signals/DATA C/C84/C84_R3_onlineT.gdf,53757632,49060573,462627f4
BCI Database/Signals/DATA C/C84/C84_R4_onlineT.gdf,53757632,48849848,baffd6d5
BCI Database/Signals/DATA C/C84/C84_R5_onlineT.gdf,53757632,48734670,0e1cd5c8
BCI Database/Signals/DATA C/C84/C84_R6_onlineT.gdf,53757632,48652021,b5703653
BCI Database/Signals/DATA C/C84/classifier-C84.xml,998,436,2353cf01
BCI Database/Signals/DATA C/C84/csp-spatial-filter-C84.xml,2537,951,5311972a
BCI Database/Signals/DATA C/C84/frequency-band-selected-C84.xml,576,103,89a2fcc3
BCI Database/Signals/DATA C/C84/frequency-band-selected-C84.xml.csv,9009,1644,d7231f8d
BCI Database/Signals/DATA C/C85/C85_CE_baseline.gdf,24527154,14289566,302fcdc4
BCI Database/Signals/DATA C/C85/C85_OE_baseline.gdf,24527154,14265225,c7dcac51
BCI Database/Signals/DATA C/C85/C85_R1_acquisition.gdf,59000512,34177632,60a02b40
BCI Database/Signals/DATA C/C85/C85_R2_acquisition.gdf,59000512,33689518,93435a01
BCI Database/Signals/DATA C/C85/C85_R3_onlineT.gdf,59000518,53374929,0ff835da
BCI Database/Signals/DATA C/C85/C85_R4_onlineT.gdf,58992320,53376944,e75c049c
BCI Database/Signals/DATA C/C85/C85_R5_onlineT.gdf,59000518,53555334,69726383
BCI Database/Signals/DATA C/C85/C85_R6_onlineT.gdf,58992320,53248187,4dff9175
BCI Database/Signals/DATA C/C85/csp-spatial-filter_.xml,2535,945,1a4bed00
BCI Database/Signals/DATA C/C85/frequency-band-selected_.cfg,577,102,b88a57e9
BCI Database/Signals/DATA C/C85/frequency-band-selected_.cfg.csv,9964,2188,89adfce9
BCI Database/Signals/DATA C/C85/mi-bci-classifier_.xml,995,432,ebc2b9a3
BCI Database/Signals/DATA C/C86/C86_CE_baseline.gdf,24527154,22504397,61490259
BCI Database/Signals/DATA C/C86/C86_OE_baseline.gdf,24527154,22317324,6cba9afd
BCI Database/Signals/DATA C/C86/C86_R1_acquisition.gdf,53757632,49568115,81118764
BCI Database/Signals/DATA C/C86/C86_R2_acquisition.gdf,53757632,49805739,56a798ba
BCI Database/Signals/DATA C/C86/C86_R3_onlineT.gdf,53757632,49704503,598e2b4a
BCI Database/Signals/DATA C/C86/C86_R4_onlineT.gdf,53757632,50737749,c438352a
BCI Database/Signals/DATA C/C86/C86_R5_onlineT.gdf,53757632,50202821,ff415923
BCI Database/Signals/DATA C/C86/C86_R6_onlineT.gdf,53757632,50526680,6986f0f5
BCI Database/Signals/DATA C/C86/classifier-XPSayu_S26_S1.xml,997,437,f3df8e50
BCI Database/Signals/DATA C/C86/csp-spatial-filter-XPSayu_S26_S1.xml,2537,954,36124ebb
BCI Database/Signals/DATA C/C86/frequency-band-selected-XPSayu_S26_S1-algoOriginal.xml,577,104,8891de46
BCI Database/Signals/DATA C/C86/frequency-band-selected-XPSayu_S26_S1.xml,576,106,0165ca2f
BCI Database/Signals/DATA C/C86/frequency-band-selected-XPSayu_S26_S1.xml.csv,8996,1617,c887f3d6
BCI Database/Signals/DATA C/C87/C87_CE_baseline.gdf,24527154,22250619,d8868270
BCI Database/Signals/DATA C/C87/C87_OE_baseline.gdf,24527154,22214159,c55cb5e0
BCI Database/Signals/DATA C/C87/C87_R1_acquisition.gdf,53757632,48953215,b5774ec4
BCI Database/Signals/DATA C/C87/C87_R2_acquisition.gdf,53757632,49357236,86814efb
BCI Database/Signals/DATA C/C87/C87_R3_onlineT.gdf,53757632,49430979,be5f0943
BCI Database/Signals/DATA C/C87/C87_R4_onlineT.gdf,53757632,49556574,e022b1df
BCI Database/Signals/DATA C/C87/C87_R5_onlineT.gdf,53757632,49369498,031b3980
BCI Database/Signals/DATA C/C87/C87_R6_onlineT.gdf,53757632,49636638,f8ef304c
BCI Database/Signals/DATA C/C87/classifier-C87.xml,998,438,4436198f
BCI Database/Signals/DATA C/C87/csp-spatial-filter-C87.xml,2534,966,a1d14665
BCI Database/Signals/DATA C/C87/frequency-band-selected-C87.xml,576,106,5ec82e1b
BCI Database/Signals/DATA C/C87/frequency-band-selected-C87.xml.csv,8994,1589,9460f4b8
BCI Database/~$Perfomances.xlsx,165,49,e11a87b4
